tweet_id,user_id,camp_type,community,annotator_1,annotator_2,annotator_3,final_label,prediction
1655384120514543622,976574666495184768,ALM - Crossing,C1-2,non-toxic,non-toxic,non-toxic,non-toxic,non-toxic
1656338910400720896,1440695156546494464,ALM - Crossing,C5-1,toxic,toxic,toxic,toxic,non-toxic
1655299726898610178,1536373979790835712,ALM - Crossing,C1-2,non-toxic,non-toxic,non-toxic,non-toxic,non-toxic
1656401365726273540,1486097762,ALM - Crossing,C1-1,non-toxic,non-toxic,non-toxic,non-toxic,non-toxic
1656506544207572992,1046559976834158592,ALM - Crossing,C7-2,non-toxic,non-toxic,non-toxic,non-toxic,non-toxic
1653512909429911563,1594517869412421632,ALM - Crossing,C1-2,toxic,toxic,toxic,toxic,toxic
1655396376174538755,1614172075824144384,ALM - Crossing,C7-2,non-toxic,non-toxic,non-toxic,non-toxic,non-toxic
1656373745173532674,393469195,ALM - Crossing,C1-2,toxic,non-toxic,non-toxic,non-toxic,non-toxic
1657556578814369793,2597697199,ALM - Crossing,C5-1,non-toxic,non-toxic,non-toxic,non-toxic,non-toxic
1661006791424245765,1473246511207223296,ALM - Crossing,C1-2,toxic,toxic,toxic,toxic,toxic
1654931516235960323,1597300634902044672,ALM - Crossing,C1-1,non-toxic,non-toxic,non-toxic,non-toxic,non-toxic
1656332436639297537,2449913803,ALM - Crossing,C1-1,non-toxic,non-toxic,non-toxic,non-toxic,non-toxic
1656964465525399552,56443453,ALM - Crossing,C1-1,toxic,toxic,toxic,toxic,toxic
1654536672078438400,369251276,ALM - Crossing,C1-1,non-toxic,non-toxic,non-toxic,non-toxic,non-toxic
1656379104730529793,27995424,ALM - Crossing,C1-1,non-toxic,non-toxic,non-toxic,non-toxic,non-toxic
1654884875562876930,1272304420798304512,ALM - Crossing,C5-1,non-toxic,non-toxic,toxic,non-toxic,non-toxic
1657853339583823872,1290880988420042752,ALM - Crossing,C1-2,toxic,toxic,toxic,toxic,toxic
1655752714461278208,2835451658,ALM - Crossing,C1-1,toxic,toxic,toxic,toxic,toxic
1653813957197721600,20545835,ALM - Crossing,C1-1,non-toxic,toxic,non-toxic,non-toxic,non-toxic
1653661573582565378,339794231,ALM - Crossing,C1-2,toxic,toxic,toxic,toxic,toxic
1657189683095392260,2375863494,ALM - Crossing,C1-2,non-toxic,toxic,non-toxic,non-toxic,non-toxic
1655352560814002179,1654412989,ALM - Crossing,C1-1,toxic,toxic,toxic,toxic,toxic
1655387326967873536,19426419,ALM - Crossing,C1-2,non-toxic,non-toxic,non-toxic,non-toxic,non-toxic
1655756569659822081,444054117,ALM - Crossing,C1-2,toxic,toxic,toxic,toxic,toxic
1653345498969907201,1430605174674964480,ALM - Crossing,C7-2,non-toxic,toxic,non-toxic,non-toxic,non-toxic
1655393666821677056,34857889,ALM - Crossing,C1-1,toxic,toxic,toxic,toxic,toxic
1654139937837535232,749486722677964800,ALM - Crossing,C5-1,toxic,toxic,toxic,toxic,toxic
1655438498675998720,1538420721818427392,ALM - Crossing,C1-1,non-toxic,toxic,non-toxic,non-toxic,non-toxic
1657087745779458066,1579158344614481920,ALM - Crossing,C5-2,toxic,non-toxic,toxic,toxic,toxic
1653128144038010886,406503026,ALM - Crossing,C5-2,non-toxic,toxic,non-toxic,non-toxic,non-toxic
1657363956237848576,895286614431346688,ALM - Crossing,C7-2,non-toxic,toxic,toxic,toxic,toxic
1646251055800553472,1508547456677543936,ALM - Crossing,C1-2,non-toxic,non-toxic,non-toxic,non-toxic,non-toxic
1656719098594615296,1519328638885376000,ALM - Crossing,C1-1,toxic,non-toxic,non-toxic,non-toxic,non-toxic
1657124542551138305,1368166640978911232,ALM - Crossing,C5-2,toxic,non-toxic,toxic,toxic,toxic
1654338305612451841,1578210487325847552,ALM - Crossing,C1-2,toxic,toxic,toxic,toxic,toxic
1657046454853152771,18929234,ALM - Crossing,C1-1,toxic,non-toxic,toxic,toxic,toxic
1653910249038905344,34280715,ALM - Crossing,C1-2,toxic,toxic,toxic,toxic,toxic
1655337565665259521,1315731177328828416,ALM - Crossing,C1-1,toxic,toxic,toxic,toxic,non-toxic
1656821190839930882,890061634181373952,ALM - Crossing,C1-1,non-toxic,non-toxic,non-toxic,non-toxic,non-toxic
1653991610101940226,1511961426365235200,ALM - Crossing,C5-2,toxic,toxic,toxic,toxic,non-toxic
1655781620471975936,1595990109132058624,ALM - Crossing,C1-1,toxic,toxic,toxic,toxic,non-toxic
1655258174994120705,1491443521953411072,ALM - Crossing,C1-2,toxic,non-toxic,non-toxic,non-toxic,non-toxic
1655250998409977858,1596581559661903872,ALM - Crossing,C1-2,toxic,toxic,toxic,toxic,toxic
1653822484540542977,1548445354185568512,ALM - Crossing,C1-2,non-toxic,toxic,non-toxic,non-toxic,non-toxic
1654794432216965124,1581751113874800640,ALM - Crossing,C7-1,non-toxic,toxic,non-toxic,non-toxic,non-toxic
1653405998525341697,2455478245,ALM - Crossing,C1-1,toxic,toxic,toxic,toxic,toxic
1653024393352577027,2369768563,ALM - Crossing,C1-1,non-toxic,non-toxic,non-toxic,non-toxic,non-toxic
1649858107852587009,20545835,ALM - Crossing,C1-1,toxic,toxic,toxic,toxic,toxic
1657109270482112532,2199020853,ALM - Crossing,C5-1,non-toxic,toxic,non-toxic,non-toxic,non-toxic
1656348784690089984,979347434064306176,ALM - Crossing,C1-2,toxic,non-toxic,non-toxic,non-toxic,non-toxic
1655362008919818240,198006777,ALM - Crossing,C1-2,toxic,toxic,toxic,toxic,toxic
1655300611032911872,1586126942834548736,ALM - Crossing,C1-2,toxic,toxic,non-toxic,toxic,non-toxic
1656981845219655681,2879980954,ALM - Crossing,C1-1,non-toxic,toxic,non-toxic,non-toxic,non-toxic
1655632275621527552,1524176049113861888,ALM - Crossing,C7-1,toxic,toxic,non-toxic,toxic,toxic
1653161018090987521,1552695105320095488,ALM - Crossing,C1-2,toxic,non-toxic,toxic,toxic,toxic
1657415434801479680,1512523999066083328,ALM - Crossing,C1-2,non-toxic,non-toxic,non-toxic,non-toxic,non-toxic
1656258767674306561,1237368936351461376,ALM - Crossing,C1-2,toxic,non-toxic,toxic,toxic,toxic
1655043395461718021,1485689970593468416,ALM - Crossing,C1-3,non-toxic,toxic,non-toxic,non-toxic,non-toxic
1655407806135033861,1311331952952250368,ALM - Crossing,C1-2,toxic,toxic,toxic,toxic,toxic
1655544293971337218,1316188390665195520,ALM - Crossing,C1-2,toxic,non-toxic,toxic,toxic,toxic
1656474335610060801,722528529716383744,ALM - Crossing,C1-1,non-toxic,toxic,non-toxic,non-toxic,non-toxic
1654958974507290626,905374200,ALM - Crossing,C1-1,non-toxic,non-toxic,non-toxic,non-toxic,non-toxic
1652727846228443136,826065164504006656,ALM - Crossing,C1-1,non-toxic,toxic,toxic,toxic,toxic
1653501812299943936,1649520524777881600,ALM - Crossing,C1-1,non-toxic,non-toxic,non-toxic,non-toxic,non-toxic
1657390141403697152,16029493,ALM - Crossing,C1-2,toxic,non-toxic,toxic,toxic,toxic
1653055635947245568,706649659071205376,ALM - Crossing,C1-2,toxic,non-toxic,toxic,toxic,toxic
1654901650279079936,1493994606568030208,ALM - Crossing,C7-2,toxic,toxic,toxic,toxic,toxic
1657076176106430464,2345066354,ALM - Crossing,C1-1,toxic,toxic,toxic,toxic,toxic
1654293644575137792,1479191597505990912,ALM - Crossing,C1-2,non-toxic,non-toxic,non-toxic,non-toxic,non-toxic
1648452511010017281,17469289,ALM - Crossing,C1-1,non-toxic,toxic,toxic,toxic,toxic
1657182131011964929,1641633402498547712,ALM - Crossing,C7-1,toxic,toxic,toxic,toxic,toxic
1619317533135278080,40891771,ALM - Crossing,C1-1,toxic,toxic,toxic,toxic,toxic
1657016622064754688,1552695105320095488,ALM - Crossing,C1-2,non-toxic,non-toxic,non-toxic,non-toxic,non-toxic
1653643129751236610,1149055773332451200,ALM - Crossing,C7-2,non-toxic,toxic,non-toxic,non-toxic,non-toxic
1653592019065876480,1187835922118787072,ALM - Crossing,C1-1,toxic,non-toxic,non-toxic,non-toxic,non-toxic
1654837973425483777,1872188780,ALM - Crossing,C1-3,toxic,non-toxic,toxic,toxic,non-toxic
1655721220224983042,360868889,ALM - Crossing,C1-3,toxic,non-toxic,non-toxic,non-toxic,non-toxic
1653108884054106134,1066275282653536384,ALM - Crossing,C1-2,toxic,toxic,toxic,toxic,toxic
1655530089604423687,1448792688518651904,ALM - Crossing,C7-1,non-toxic,toxic,non-toxic,non-toxic,non-toxic
1656017915446009880,2449913803,ALM - Crossing,C1-1,non-toxic,toxic,non-toxic,non-toxic,non-toxic
1652995505838858240,1348994790604632064,ALM - Crossing,C1-3,toxic,toxic,toxic,toxic,toxic
1655211011358568450,1384933637985079296,ALM - Crossing,C5-2,toxic,toxic,toxic,toxic,toxic
1657369388075347968,1553843646,ALM - Crossing,C1-2,toxic,non-toxic,toxic,toxic,toxic
1654507790403092480,818593572156911616,ALM - Crossing,C5-1,toxic,toxic,toxic,toxic,toxic
1653881682070589445,1394680198705123328,ALM - Crossing,C1-1,non-toxic,non-toxic,non-toxic,non-toxic,non-toxic
1659218828797292544,958783023268286464,ALM - Crossing,C1-2,toxic,toxic,toxic,toxic,toxic
1654256479027830785,3096147528,ALM - Crossing,C1-1,toxic,toxic,toxic,toxic,non-toxic
1657009382738079751,1621898178713817088,ALM - Crossing,C1-2,toxic,non-toxic,toxic,toxic,toxic
1567604666644725760,1098091506886471552,ALM - Crossing,C1-1,toxic,toxic,toxic,toxic,toxic
1651249259705167873,339241927,ALM - Crossing,C1-1,non-toxic,non-toxic,non-toxic,non-toxic,non-toxic
1655584894448291841,1261270683285204992,ALM - Crossing,C5-1,toxic,non-toxic,toxic,toxic,toxic
1653838367535304704,4168430639,ALM - Crossing,C1-2,toxic,toxic,toxic,toxic,toxic
1654900985448345601,1558263729913053184,ALM - Crossing,C1-2,non-toxic,toxic,non-toxic,non-toxic,non-toxic
1655101499142287361,715850854943866880,ALM - Crossing,C5-2,toxic,toxic,toxic,toxic,toxic
1657679693934391297,523248016,ALM - Crossing,C1-1,non-toxic,non-toxic,non-toxic,non-toxic,non-toxic
1657149967977553921,1297379002269589504,ALM - Crossing,C1-1,non-toxic,non-toxic,non-toxic,non-toxic,non-toxic
1656320690520309761,96015533,ALM - Crossing,C1-1,non-toxic,toxic,non-toxic,non-toxic,non-toxic
1656358864155996164,23551268,ALM - Crossing,C1-2,toxic,non-toxic,toxic,toxic,toxic
1657452402654474240,1001698421495955584,ALM - Crossing,C1-1,toxic,toxic,toxic,toxic,toxic
1656039270669271057,1487264237248552960,ALM - Crossing,C1-2,toxic,toxic,toxic,toxic,non-toxic
1643794510512627714,450235955,ALM - Crossing,C7-1,toxic,non-toxic,toxic,toxic,toxic
1653536338220597249,2947732005,ALM - Crossing,C7-1,non-toxic,non-toxic,non-toxic,non-toxic,non-toxic
1656096391192539136,1488842418803777536,ALM - Crossing,C1-2,non-toxic,non-toxic,toxic,non-toxic,non-toxic
1655599324149997572,1587563972340891648,ALM - Crossing,C7-1,non-toxic,non-toxic,non-toxic,non-toxic,non-toxic
1655866663030358016,65159946,ALM - Crossing,C1-1,toxic,non-toxic,toxic,toxic,toxic
1656032817367728128,581648101,ALM - Crossing,C5-2,toxic,non-toxic,non-toxic,non-toxic,non-toxic
1652999424921030658,63277398,ALM - Crossing,C1-1,toxic,non-toxic,toxic,toxic,toxic
1637883704285724672,29097819,ALM - Crossing,C1-1,non-toxic,non-toxic,non-toxic,non-toxic,non-toxic
1653093192986951680,1544408838308171776,ALM - Crossing,C1-2,non-toxic,non-toxic,non-toxic,non-toxic,non-toxic
1654483463343583232,2282494952,ALM - Crossing,C1-2,non-toxic,non-toxic,non-toxic,non-toxic,non-toxic
1655191715035185153,455264233,ALM - Crossing,C5-2,non-toxic,non-toxic,non-toxic,non-toxic,non-toxic
1654196574464114688,16193763,ALM - Crossing,C1-1,toxic,toxic,toxic,toxic,non-toxic
1653515348942127106,1290880988420042752,ALM - Crossing,C1-2,non-toxic,toxic,non-toxic,non-toxic,non-toxic
1654386591622651905,2623670842,ALM - Crossing,C7-2,toxic,toxic,toxic,toxic,toxic
1654720995930914817,1385460469209747712,ALM - Crossing,C5-1,non-toxic,non-toxic,non-toxic,non-toxic,non-toxic
1600934060381319169,74964516,ALM - Crossing,C1-2,non-toxic,non-toxic,toxic,non-toxic,non-toxic
1654532281799778304,304123273,ALM - Crossing,C7-2,non-toxic,toxic,toxic,toxic,toxic
1657738741467815940,34367582,ALM - Crossing,C1-1,non-toxic,toxic,non-toxic,non-toxic,non-toxic
1655273892829618178,2838333676,ALM - Crossing,C5-2,non-toxic,non-toxic,non-toxic,non-toxic,toxic
1656851217132257280,450235955,ALM - Crossing,C7-1,non-toxic,non-toxic,non-toxic,non-toxic,non-toxic
1656064359188103171,1054575953169604608,ALM - Crossing,C1-2,toxic,toxic,toxic,toxic,toxic
1655579567052955648,895388295496073216,ALM - Crossing,C1-1,non-toxic,non-toxic,non-toxic,non-toxic,non-toxic
1657746057470550016,1228085121632350208,ALM - Crossing,C1-1,toxic,non-toxic,non-toxic,non-toxic,non-toxic
1655264048273932289,2304115179,ALM - Crossing,C1-2,toxic,non-toxic,non-toxic,non-toxic,non-toxic
1655355731854479363,1045355066138513408,ALM - Crossing,C5-1,toxic,non-toxic,non-toxic,non-toxic,non-toxic
1655636353344757767,27995424,ALM - Crossing,C1-1,non-toxic,non-toxic,non-toxic,non-toxic,non-toxic
1655826998344704002,1155499964862271488,ALM - Crossing,C5-2,toxic,toxic,toxic,toxic,non-toxic
1656759851874152453,1551221602829885440,ALM - Crossing,C1-2,toxic,toxic,toxic,toxic,non-toxic
1655600177799987200,711667461414916096,ALM - Crossing,C1-2,toxic,non-toxic,toxic,toxic,toxic
1652819490357256199,810055220,ALM - Crossing,C1-1,non-toxic,non-toxic,non-toxic,non-toxic,non-toxic
1262945321858093056,898239774028423168,ALM - Crossing,C5-1,non-toxic,toxic,non-toxic,non-toxic,non-toxic
1656261729154924544,1557853988787089408,ALM - Crossing,C1-2,toxic,toxic,toxic,toxic,toxic
1656976487566700544,22311924,ALM - Crossing,C1-2,toxic,non-toxic,toxic,toxic,toxic
1656864708253691906,1519092104332423168,ALM - Crossing,C1-2,non-toxic,non-toxic,non-toxic,non-toxic,non-toxic
1653039458369826817,1504457747571613696,ALM - Crossing,C7-1,non-toxic,toxic,toxic,toxic,toxic
1416176095796281347,2835451658,ALM - Crossing,C1-1,toxic,non-toxic,toxic,toxic,toxic
1653394780703842311,110542860,ALM - Crossing,C1-1,toxic,toxic,toxic,toxic,non-toxic
1655825220924764161,80233893,ALM - Crossing,C1-1,non-toxic,non-toxic,non-toxic,non-toxic,non-toxic
1655317192601214977,1498378112169648128,ALM - Crossing,C7-1,toxic,toxic,toxic,toxic,non-toxic
1655612820006879232,2460401857,ALM - Crossing,C1-2,toxic,non-toxic,toxic,toxic,toxic
1655357171813457920,888503349028560896,ALM - Crossing,C1-1,toxic,non-toxic,toxic,toxic,toxic
1655333119522635777,2174509045,ALM - Crossing,C1-2,non-toxic,non-toxic,non-toxic,non-toxic,non-toxic
1655650068987273217,1274805086284324864,ALM - Crossing,C1-2,non-toxic,non-toxic,non-toxic,non-toxic,toxic
1643256702517518337,497088625,ALM - Crossing,C7-1,toxic,non-toxic,toxic,toxic,toxic
1657794213184978946,19211550,ALM - Crossing,C1-1,toxic,toxic,toxic,toxic,toxic
1653149805743591426,20545835,ALM - Crossing,C1-1,non-toxic,toxic,non-toxic,non-toxic,non-toxic
1656647133418909697,890061634181373952,ALM - Crossing,C1-1,toxic,toxic,toxic,toxic,toxic
1654480780507193348,1326229737551912960,ALM - Crossing,C1-1,non-toxic,non-toxic,non-toxic,non-toxic,non-toxic
1657412928117657602,896731633704947712,ALM - Crossing,C1-1,non-toxic,non-toxic,non-toxic,non-toxic,toxic
1653791196408340480,821557840401702912,ALM - Crossing,C1-2,non-toxic,toxic,non-toxic,non-toxic,non-toxic
1654169609417654284,864241030744473600,ALM - Crossing,C1-2,non-toxic,toxic,non-toxic,non-toxic,non-toxic
1655141525838241794,1183503749660205056,ALM - Crossing,C5-2,non-toxic,toxic,non-toxic,non-toxic,non-toxic
1654193344413614080,1158433647323746304,ALM - Crossing,C1-2,toxic,non-toxic,toxic,toxic,toxic
1654240933549080576,1434701067749527552,ALM - Crossing,C1-1,non-toxic,non-toxic,toxic,non-toxic,non-toxic
1652713970896101377,31667539,ALM - Crossing,C1-2,toxic,non-toxic,toxic,toxic,toxic
1654505376031600640,15212187,ALM - Crossing,C1-1,non-toxic,non-toxic,non-toxic,non-toxic,toxic
1657147175984398341,1527241233545969664,ALM - Crossing,C1-1,toxic,toxic,toxic,toxic,non-toxic
1654260851476398080,523248016,ALM - Crossing,C1-1,non-toxic,non-toxic,non-toxic,non-toxic,non-toxic
1656883030303076352,1309107940335509504,ALM - Crossing,C1-2,toxic,toxic,toxic,toxic,non-toxic
1653207989312946176,1475258315638726912,ALM - Crossing,C1-2,non-toxic,non-toxic,non-toxic,non-toxic,non-toxic
1653026352147181568,1598104317814243328,ALM - Crossing,C7-1,non-toxic,non-toxic,non-toxic,non-toxic,non-toxic
1655036358459813889,1469242120531632128,ALM - Crossing,C1-1,toxic,non-toxic,toxic,toxic,toxic
1656432319757004800,91882544,ALM - Crossing,C1-1,non-toxic,toxic,non-toxic,non-toxic,non-toxic
1288577854461169666,1204930164389556224,ALM - Crossing,C1-2,non-toxic,non-toxic,non-toxic,non-toxic,toxic
1656480071459254273,930212715422998400,ALM - Crossing,C1-1,non-toxic,toxic,non-toxic,non-toxic,non-toxic
1657142728612872192,1544408838308171776,ALM - Crossing,C1-2,toxic,non-toxic,toxic,toxic,toxic
1655659554191843339,875856268056969216,ALM - Crossing,C1-1,toxic,non-toxic,toxic,toxic,non-toxic
1654794400923254786,1367531,ALM - Crossing,C1-1,non-toxic,non-toxic,non-toxic,non-toxic,non-toxic
1655962479338598406,1572972066445328384,ALM - Crossing,C7-2,toxic,toxic,toxic,toxic,toxic
1655490550093471744,1594099491023593472,ALM - Crossing,C1-2,non-toxic,non-toxic,non-toxic,non-toxic,non-toxic
1653589708499296257,1638707182731509760,ALM - Crossing,C1-2,toxic,toxic,toxic,toxic,toxic
1654008891347435521,1378928868204023808,ALM - Crossing,C5-1,toxic,non-toxic,non-toxic,non-toxic,non-toxic
1657316298680934401,722701984160182272,ALM - Crossing,C1-1,toxic,toxic,toxic,toxic,toxic
1655296994410221570,1595261590416269312,ALM - Crossing,C5-1,toxic,non-toxic,non-toxic,non-toxic,non-toxic
1653435946094690313,711667461414916096,ALM - Crossing,C1-2,non-toxic,non-toxic,non-toxic,non-toxic,non-toxic
1654893914321563648,841643884425969664,ALM - Crossing,C1-1,toxic,non-toxic,toxic,toxic,toxic
1653616960909844480,1677256254,ALM - Crossing,C1-2,non-toxic,non-toxic,non-toxic,non-toxic,non-toxic
1309851270551875584,592730371,ALM - Crossing,C1-1,non-toxic,toxic,toxic,toxic,toxic
1652721488242302976,1637507099558027264,ALM - Crossing,C1-2,toxic,non-toxic,toxic,toxic,toxic
1652957595429216257,1178829710186467328,ALM - Crossing,C5-2,toxic,non-toxic,non-toxic,non-toxic,non-toxic
1655718276259823628,3435620499,ALM - Crossing,C1-1,toxic,toxic,toxic,toxic,non-toxic
1655263219429302273,35809936,ALM - Crossing,C1-1,toxic,toxic,toxic,toxic,toxic
1652828098306658304,1047700189010649216,ALM - Crossing,C1-1,non-toxic,non-toxic,non-toxic,non-toxic,non-toxic
1653733876416512003,1500129642,ALM - Crossing,C1-1,non-toxic,toxic,non-toxic,non-toxic,non-toxic
1653546196651110400,1367531,ALM - Crossing,C1-1,non-toxic,non-toxic,toxic,non-toxic,non-toxic
1654003668600115202,1588202453865885696,ALM - Crossing,C1-2,toxic,toxic,toxic,toxic,toxic
1652072143369191425,1639446827060588288,ALM - Crossing,C5-1,toxic,non-toxic,non-toxic,non-toxic,non-toxic
1654095806704545792,1246805790775816192,ALM - Crossing,C1-2,non-toxic,non-toxic,non-toxic,non-toxic,non-toxic
1655553078706290689,893112575684202496,ALM - Crossing,C7-1,toxic,non-toxic,toxic,toxic,toxic
1657059227435687936,1094742534348251136,ALM - Crossing,C5-2,non-toxic,non-toxic,non-toxic,non-toxic,non-toxic
1654138458695237632,1381451758489071616,ALM - Crossing,C1-1,toxic,toxic,toxic,toxic,toxic
1655578974490095616,1571613241272565760,ALM - Crossing,C1-2,toxic,toxic,toxic,toxic,toxic
1657574496289853441,1174643839379726336,ALM - Crossing,C1-2,toxic,non-toxic,toxic,toxic,toxic
1655920907255177219,455264233,ALM - Crossing,C5-2,toxic,non-toxic,toxic,toxic,toxic
1656297909455929344,1246532259181625088,ALM - Crossing,C1-2,non-toxic,non-toxic,non-toxic,non-toxic,non-toxic
1661682955700281345,1635345241543720960,ALM - Crossing,C5-1,toxic,toxic,toxic,toxic,non-toxic
1266908323699277824,2835451658,ALM - Crossing,C1-1,toxic,toxic,non-toxic,toxic,non-toxic
1656757406120964117,18266688,ALM - Crossing,C1-1,non-toxic,non-toxic,non-toxic,non-toxic,non-toxic
1653982462194638851,1353165999961477120,ALM - Crossing,C1-2,non-toxic,toxic,toxic,toxic,toxic
1655709087768748032,608289405,ALM - Crossing,C5-2,toxic,toxic,toxic,toxic,toxic
1655307034764492800,1298333980329213952,ALM - Crossing,C1-1,toxic,toxic,toxic,toxic,toxic
1657390412699410434,1604157369369464832,ALM - Crossing,C1-2,toxic,toxic,toxic,toxic,toxic
1621572152360140806,1552795969959636992,ALM - Crossing,C1-3,non-toxic,non-toxic,non-toxic,non-toxic,non-toxic
1656472744362639363,358545917,ALM - Crossing,C1-1,non-toxic,non-toxic,non-toxic,non-toxic,non-toxic
1654190802715791362,974709862746771584,ALM - Crossing,C7-1,non-toxic,non-toxic,non-toxic,non-toxic,toxic
1653375674558676992,802297219919605760,ALM - Crossing,C1-1,toxic,toxic,toxic,toxic,toxic
1655332116819853313,762366474,ALM - Crossing,C1-1,toxic,toxic,toxic,toxic,toxic
1655341146825195520,850246372208988160,ALM - Crossing,C1-3,non-toxic,non-toxic,toxic,non-toxic,non-toxic
1655216814807285763,1616144127778750464,ALM - Crossing,C1-2,toxic,toxic,toxic,toxic,non-toxic
1653958962654445569,1268269289318035712,ALM - Crossing,C1-2,non-toxic,non-toxic,non-toxic,non-toxic,non-toxic
1656123774369169409,292929271,ALM - Crossing,C1-1,non-toxic,non-toxic,non-toxic,non-toxic,toxic
1654246625798234113,1608684906254589952,ALM - Crossing,C1-3,toxic,toxic,toxic,toxic,toxic
1652038725566881792,1227799690579717888,ALM - Crossing,C1-1,non-toxic,non-toxic,non-toxic,non-toxic,non-toxic
1653733547272798211,1517884455993561088,ALM - Crossing,C1-2,non-toxic,non-toxic,toxic,non-toxic,non-toxic
1628839613111443457,1227799690579717888,ALM - Crossing,C1-1,non-toxic,non-toxic,non-toxic,non-toxic,non-toxic
1655920464571645953,1043185714437992448,ALM - Crossing,C1-1,toxic,non-toxic,toxic,toxic,non-toxic
1654346039938383872,30122242,ALM - Crossing,C1-2,non-toxic,non-toxic,toxic,non-toxic,non-toxic
1654510802114875394,292929271,ALM - Crossing,C1-1,non-toxic,non-toxic,non-toxic,non-toxic,non-toxic
1655882527289012224,883280690179063808,ALM - Crossing,C1-1,toxic,toxic,toxic,toxic,toxic
1654951185957236736,1361744068066353152,ALM - Crossing,C1-2,non-toxic,non-toxic,non-toxic,non-toxic,non-toxic
1655970630569697280,601535938,ALM - Crossing,C1-1,non-toxic,non-toxic,non-toxic,non-toxic,non-toxic
1657074982478807052,15212187,ALM - Crossing,C1-1,non-toxic,non-toxic,non-toxic,non-toxic,non-toxic
1656034853807177728,262375914,ALM - Crossing,C1-1,non-toxic,non-toxic,non-toxic,non-toxic,toxic
1654548821651628034,1072207543730982784,ALM - Crossing,C1-1,toxic,toxic,toxic,toxic,non-toxic
1653156182696009728,1522626476478185472,ALM - Crossing,C7-1,toxic,toxic,toxic,toxic,toxic
1406994930615177220,55329156,ALM - Crossing,C1-1,toxic,toxic,toxic,toxic,toxic
1653482035011264514,28614262,ALM - Crossing,C1-1,non-toxic,non-toxic,non-toxic,non-toxic,non-toxic
1655838491794702336,1186581426738728960,ALM - Crossing,C5-2,toxic,toxic,toxic,toxic,toxic
1652068625967087617,1456959689938415616,ALM - Crossing,C1-2,non-toxic,non-toxic,non-toxic,non-toxic,non-toxic
1653571390996348929,18856867,ALM - Crossing,C1-1,non-toxic,non-toxic,toxic,non-toxic,non-toxic
1657868349122985985,262749118,ALM - Crossing,C1-2,toxic,toxic,non-toxic,toxic,non-toxic
1653466198850564097,18282134,ALM - Crossing,C1-1,toxic,toxic,toxic,toxic,toxic
1657863255380078593,156147230,ALM - Crossing,C1-1,non-toxic,non-toxic,non-toxic,non-toxic,non-toxic
1654553131999698944,1361621109741785088,ALM - Crossing,C1-1,toxic,toxic,toxic,toxic,toxic
1653669982306197504,112684779,ALM - Crossing,C5-2,toxic,toxic,toxic,toxic,toxic
1656656633823473666,1194190273,ALM - Crossing,C1-2,non-toxic,non-toxic,toxic,non-toxic,non-toxic
1656480127197368320,940430173517811584,ALM - Crossing,C1-1,non-toxic,non-toxic,non-toxic,non-toxic,non-toxic
1657742065743060993,1540801186298826752,ALM - Crossing,C1-2,non-toxic,non-toxic,non-toxic,non-toxic,non-toxic
1656952432885133318,232901331,ALM - Crossing,C1-1,non-toxic,non-toxic,non-toxic,non-toxic,toxic
1653801449992728588,39344374,ALM - Crossing,C1-1,non-toxic,toxic,toxic,toxic,toxic
1656467578926112768,191871143,ALM - Crossing,C1-1,non-toxic,non-toxic,non-toxic,non-toxic,toxic
1656490137922961408,1072545296322826240,ALM - Crossing,C1-2,non-toxic,non-toxic,non-toxic,non-toxic,non-toxic
1631076696874004487,856162158845059072,ALM - Crossing,C5-1,toxic,toxic,toxic,toxic,non-toxic
1650162607377252352,707278892801765376,ALM - Crossing,C1-1,toxic,toxic,toxic,toxic,toxic
1653957954024898560,1288319695658135552,ALM - Crossing,C1-1,toxic,toxic,toxic,toxic,toxic
1654078289311420417,1611023523295764480,ALM - Crossing,C5-2,non-toxic,non-toxic,non-toxic,non-toxic,non-toxic
1657052141310050304,1340534817776148480,ALM - Crossing,C7-1,non-toxic,non-toxic,non-toxic,non-toxic,non-toxic
1653876434350354432,1448659775848214528,ALM - Crossing,C1-2,toxic,toxic,toxic,toxic,toxic
1653853647212621826,1540662072,ALM - Crossing,C1-3,toxic,toxic,toxic,toxic,non-toxic
1660835129764335617,1506887575587463168,ALM - Crossing,C7-2,toxic,toxic,toxic,toxic,toxic
1655605373523357702,41634520,ALM - Crossing,C1-1,toxic,toxic,toxic,toxic,toxic
1654883332646137859,2683448510,ALM - Crossing,C1-3,toxic,toxic,toxic,toxic,toxic
1655586029397475333,280128839,ALM - Crossing,C5-1,toxic,toxic,toxic,toxic,toxic
1655580672566738947,55329156,ALM - Crossing,C1-1,non-toxic,non-toxic,non-toxic,non-toxic,non-toxic
1653774911607906306,896466491587080192,ALM - Crossing,C1-1,non-toxic,non-toxic,non-toxic,non-toxic,toxic
1516940422651723784,2835451658,ALM - Crossing,C1-1,toxic,toxic,toxic,toxic,toxic
1656366638155853841,739610364975808512,ALM - Crossing,C1-1,non-toxic,non-toxic,non-toxic,non-toxic,toxic
1654843098449469441,1570786586597507072,ALM - Crossing,C5-2,toxic,toxic,toxic,toxic,toxic
1654494527846076421,1599209226857062400,ALM - Crossing,C1-1,toxic,toxic,toxic,toxic,non-toxic
1655016612901036032,1558263729913053184,ALM - Crossing,C1-2,non-toxic,non-toxic,non-toxic,non-toxic,non-toxic
1653197641138749442,2638470127,ALM - Crossing,C1-2,toxic,toxic,toxic,toxic,non-toxic
1656443264864600073,1499927330101370880,ALM - Crossing,C1-1,non-toxic,non-toxic,non-toxic,non-toxic,non-toxic
1654446612385611776,1580520295433228288,ALM - Crossing,C1-1,toxic,toxic,toxic,toxic,toxic
1652414954438545408,334920737,ALM - Crossing,C1-1,non-toxic,non-toxic,non-toxic,non-toxic,non-toxic
1655790788343734273,1629268795524284416,ALM - Crossing,C7-1,non-toxic,toxic,toxic,toxic,toxic
1615786917039144965,1204930164389556224,ALM - Crossing,C1-2,toxic,non-toxic,non-toxic,non-toxic,non-toxic
1655952776852279297,1553528614242717696,ALM - Crossing,C1-2,toxic,toxic,toxic,toxic,toxic
1653748345980977152,1524176909755510784,ALM - Crossing,C1-2,toxic,toxic,non-toxic,toxic,non-toxic
1656361667251302424,739610364975808512,ALM - Crossing,C1-1,non-toxic,non-toxic,non-toxic,non-toxic,non-toxic
1655086156114010112,1538420721818427392,ALM - Crossing,C1-1,non-toxic,non-toxic,non-toxic,non-toxic,non-toxic
1656630544401309701,303850691,ALM - Crossing,C1-1,non-toxic,non-toxic,non-toxic,non-toxic,toxic
1653499530434826272,117048987,ALM - Crossing,C1-1,non-toxic,non-toxic,non-toxic,non-toxic,non-toxic
1655176932139454469,232901331,ALM - Crossing,C1-1,non-toxic,non-toxic,non-toxic,non-toxic,toxic
1653703827470655488,1502964875378704384,ALM - Crossing,C1-1,non-toxic,toxic,non-toxic,non-toxic,non-toxic
1653217750121320450,20545835,ALM - Crossing,C1-1,non-toxic,non-toxic,non-toxic,non-toxic,non-toxic
1655349651720089601,1552795969959636992,ALM - Crossing,C1-3,toxic,toxic,toxic,toxic,toxic
1657082809830236162,1177692226492751872,ALM - Crossing,C1-2,toxic,toxic,toxic,toxic,toxic
1653174767728353281,19211550,ALM - Crossing,C1-1,non-toxic,non-toxic,non-toxic,non-toxic,non-toxic
1656453581749272576,292929271,ALM - Crossing,C1-1,toxic,toxic,toxic,toxic,toxic
1655331883436081155,1524176049113861888,ALM - Crossing,C7-1,toxic,toxic,toxic,toxic,toxic
1653233448213938176,818610876206956544,ALM - Crossing,C1-1,non-toxic,non-toxic,non-toxic,non-toxic,non-toxic
1609964698425868293,875856268056969216,ALM - Crossing,C1-1,non-toxic,non-toxic,toxic,non-toxic,non-toxic
1656823289614925824,1366565625401909248,ALM - Crossing,C1-1,non-toxic,non-toxic,non-toxic,non-toxic,non-toxic
1652351822835621891,18584875,ALM - Crossing,C1-1,non-toxic,non-toxic,non-toxic,non-toxic,non-toxic
1653735313418731522,1134907050,ALM - Crossing,C1-2,non-toxic,non-toxic,non-toxic,non-toxic,toxic
1655364111717343233,1406286254661058560,ALM - Crossing,C1-2,non-toxic,non-toxic,toxic,non-toxic,non-toxic
1657567654792802305,2835451658,ALM - Crossing,C1-1,non-toxic,non-toxic,non-toxic,non-toxic,toxic
1656115911567220742,380285402,ALM - Crossing,C1-2,non-toxic,non-toxic,non-toxic,non-toxic,non-toxic
1650927135538683912,18643437,ALM - Crossing,C1-1,non-toxic,non-toxic,non-toxic,non-toxic,toxic
1654989384104411139,930470485221142400,ALM - Crossing,C1-2,toxic,toxic,toxic,toxic,toxic
1662872280412696577,1486459079262359552,ALM - Crossing,C1-1,non-toxic,non-toxic,non-toxic,non-toxic,non-toxic
1655567847287037953,2455478245,ALM - Crossing,C1-1,toxic,non-toxic,non-toxic,non-toxic,non-toxic
1645079432082739204,1552795969959636992,ALM - Crossing,C1-3,toxic,toxic,toxic,toxic,toxic
1656332470373974024,849880970,ALM - Crossing,C5-2,non-toxic,non-toxic,non-toxic,non-toxic,non-toxic
1653792701202984963,2899472769,ALM - Crossing,C5-2,non-toxic,non-toxic,non-toxic,non-toxic,non-toxic
1653734783770324995,247368688,ALM - Crossing,C1-2,non-toxic,non-toxic,non-toxic,non-toxic,non-toxic
1654146367118270464,19091173,ALM - Crossing,C1-1,toxic,toxic,toxic,toxic,toxic
1654130264854118401,1195224462,ALM - Crossing,C5-1,toxic,toxic,toxic,toxic,toxic
1654755924618412034,195271137,ALM - Crossing,C1-1,toxic,non-toxic,non-toxic,non-toxic,non-toxic
1657326369863266305,818593572156911616,ALM - Crossing,C5-1,toxic,toxic,toxic,toxic,toxic
1656790894312292354,1146509923683131392,ALM - Crossing,C5-1,toxic,toxic,toxic,toxic,toxic
1654637756990070785,1299572918993784832,ALM - Crossing,C7-2,toxic,toxic,toxic,toxic,toxic
1656848643830292482,930470485221142400,ALM - Crossing,C1-2,non-toxic,non-toxic,non-toxic,non-toxic,toxic
1655299101351890944,17189922,ALM - Crossing,C1-2,non-toxic,non-toxic,non-toxic,non-toxic,non-toxic
1656390210739904513,126389466,ALM - Crossing,C1-2,non-toxic,non-toxic,non-toxic,non-toxic,toxic
1655033305060847616,70860468,ALM - Crossing,C1-1,toxic,non-toxic,non-toxic,non-toxic,non-toxic
1656223075007070208,1616665185128943616,ALM - Crossing,C1-3,toxic,toxic,toxic,toxic,toxic
1657846849431109637,2510362008,ALM - Crossing,C1-1,non-toxic,non-toxic,non-toxic,non-toxic,non-toxic
1653414528510484480,1610433556806787072,ALM - Crossing,C5-2,toxic,toxic,toxic,toxic,toxic
1654267931524513794,46302096,ALM - Crossing,C1-1,non-toxic,non-toxic,non-toxic,non-toxic,non-toxic
1653775195209957376,1321147357883473920,ALM - Crossing,C5-2,non-toxic,non-toxic,non-toxic,non-toxic,non-toxic
1652771935435014149,1518612748011196416,ALM - Crossing,C5-1,toxic,toxic,non-toxic,toxic,non-toxic
1657801796520140807,3096147528,ALM - Crossing,C1-1,non-toxic,non-toxic,non-toxic,non-toxic,toxic
1661082897653088256,133769431,ALM - Crossing,C1-2,toxic,toxic,toxic,toxic,toxic
1656260617055924225,1220131855464267776,ALM - Crossing,C1-1,non-toxic,non-toxic,non-toxic,non-toxic,toxic
1652773712716767232,3096147528,ALM - Crossing,C1-1,toxic,toxic,toxic,toxic,toxic
1637981769587740673,264361128,ALM - Crossing,C1-1,toxic,toxic,toxic,toxic,toxic
1653475665230872581,1108438906570227584,ALM - Crossing,C1-1,toxic,toxic,toxic,toxic,toxic
1653749716411113478,640893,ALM - Crossing,C1-2,non-toxic,non-toxic,non-toxic,non-toxic,toxic
1655765583156191234,16843089,ALM - Crossing,C1-2,non-toxic,non-toxic,non-toxic,non-toxic,non-toxic
1656047626003857408,826065164504006656,ALM - Crossing,C1-1,non-toxic,non-toxic,non-toxic,non-toxic,toxic
1655203027295383554,2227458877,ALM - Crossing,C1-2,non-toxic,non-toxic,non-toxic,non-toxic,non-toxic
1649726645064941568,986403517081505792,ALM - Crossing,C1-2,non-toxic,non-toxic,non-toxic,non-toxic,non-toxic
1657500275043713030,1558561668204052480,ALM - Crossing,C1-3,toxic,toxic,toxic,toxic,toxic
1653594551611805697,1329883229189525504,ALM - Crossing,C1-2,non-toxic,non-toxic,non-toxic,non-toxic,non-toxic
1654511044113448962,592730371,ALM - Crossing,C1-1,non-toxic,non-toxic,toxic,non-toxic,toxic
1656593660945768451,229075850,ALM - Crossing,C5-2,non-toxic,non-toxic,non-toxic,non-toxic,non-toxic
1653774559672139777,741860027703513088,ALM - Crossing,C1-2,non-toxic,non-toxic,non-toxic,non-toxic,non-toxic
1657157676898320385,34280715,ALM - Crossing,C1-2,non-toxic,non-toxic,toxic,non-toxic,non-toxic
1653421275115560960,1530804462968782848,ALM - Crossing,C5-2,non-toxic,non-toxic,non-toxic,non-toxic,toxic
1656458972096864257,34367582,ALM - Crossing,C1-1,non-toxic,non-toxic,non-toxic,non-toxic,non-toxic
1655905552596185090,1367531,ALM - Crossing,C1-1,non-toxic,non-toxic,non-toxic,non-toxic,non-toxic
1652385519794286593,1052722633152679936,ALM - Crossing,C1-2,non-toxic,non-toxic,toxic,non-toxic,non-toxic
1654828215469322240,19211550,ALM - Crossing,C1-1,non-toxic,non-toxic,toxic,non-toxic,non-toxic
1654501912106991619,722528529716383744,ALM - Crossing,C1-1,non-toxic,non-toxic,non-toxic,non-toxic,non-toxic
1656038882658623488,2393323908,ALM - Crossing,C1-1,non-toxic,non-toxic,non-toxic,non-toxic,toxic
1657157374929428482,1440338610457231360,ALM - Crossing,C1-2,non-toxic,toxic,non-toxic,non-toxic,non-toxic
1654533819523907584,1573074338542133248,ALM - Crossing,C5-1,toxic,toxic,toxic,toxic,toxic
1657525960990654473,1283845106550951936,ALM - Crossing,C5-2,toxic,toxic,non-toxic,toxic,non-toxic
1655854435795345409,1340931894532304896,ALM - Crossing,C5-2,toxic,toxic,toxic,toxic,toxic
1653739014762135552,1631332145821274112,ALM - Crossing,C1-2,non-toxic,non-toxic,non-toxic,non-toxic,non-toxic
1655311636574490624,1225286345129635840,ALM - Crossing,C1-1,non-toxic,non-toxic,non-toxic,non-toxic,non-toxic
1656932491612004355,455264233,ALM - Crossing,C5-2,non-toxic,non-toxic,non-toxic,non-toxic,non-toxic
1464838651939110912,2835451658,ALM - Crossing,C1-1,non-toxic,non-toxic,non-toxic,non-toxic,non-toxic
1653310609100767235,934358614457929600,ALM - Crossing,C1-1,toxic,toxic,toxic,toxic,toxic
1656302952229875714,18166778,ALM - Crossing,C1-1,non-toxic,non-toxic,non-toxic,non-toxic,non-toxic
1653498622326067201,1466235161000001536,ALM - Crossing,C1-2,non-toxic,non-toxic,non-toxic,non-toxic,non-toxic
1657565969059913729,1325881869372677888,ALM - Crossing,C1-1,toxic,non-toxic,toxic,toxic,non-toxic
1653819791851790336,252165928,ALM - Crossing,C1-2,non-toxic,non-toxic,non-toxic,non-toxic,toxic
1655152006829416449,523248016,ALM - Crossing,C1-1,non-toxic,non-toxic,non-toxic,non-toxic,non-toxic
1655309796755533825,1511624426089062400,ALM - Crossing,C5-2,toxic,toxic,toxic,toxic,toxic
1657555314663882752,1527223403920232448,ALM - Crossing,C7-2,toxic,toxic,toxic,toxic,toxic
1178184483972866048,2835451658,ALM - Crossing,C1-1,non-toxic,non-toxic,non-toxic,non-toxic,non-toxic
1656397139302293505,1489197115653951488,ALM - Crossing,C5-1,toxic,toxic,toxic,toxic,toxic
1655585582658080768,1098091506886471552,ALM - Crossing,C1-1,non-toxic,non-toxic,non-toxic,non-toxic,non-toxic
1653779617122074626,15212187,ALM - Crossing,C1-1,non-toxic,non-toxic,non-toxic,non-toxic,non-toxic
1652704366229323778,1605626028356927488,ALM - Crossing,C5-2,non-toxic,non-toxic,non-toxic,non-toxic,non-toxic
1654610565690474497,846859247933632512,ALM - Crossing,C5-1,toxic,toxic,toxic,toxic,toxic
1653494255573417984,23292743,ALM - Crossing,C1-1,toxic,toxic,toxic,toxic,toxic
1656249467555794944,125128723,ALM - Crossing,C1-1,non-toxic,non-toxic,non-toxic,non-toxic,non-toxic
1655635864372883458,18342379,ALM - Crossing,C1-2,non-toxic,non-toxic,toxic,non-toxic,non-toxic
1653467112424308736,1558500347609595904,ALM - Crossing,C5-2,toxic,toxic,toxic,toxic,toxic
1648730627565289473,1443612874161721088,ALM - Crossing,C1-1,non-toxic,toxic,toxic,toxic,toxic
1657156078239469575,2417586104,ALM - Crossing,C1-1,non-toxic,non-toxic,non-toxic,non-toxic,non-toxic
1655634820750254084,55329156,ALM - Crossing,C1-1,non-toxic,non-toxic,non-toxic,non-toxic,non-toxic
1657053827546136576,1514072711173128192,ALM - Crossing,C1-2,toxic,toxic,toxic,toxic,toxic
1653175138156953601,303850691,ALM - Crossing,C1-1,toxic,toxic,toxic,toxic,toxic
1655716725722173440,41694302,ALM - Crossing,C1-1,non-toxic,non-toxic,non-toxic,non-toxic,non-toxic
1654763063206092801,1537225604554031104,ALM - Crossing,C7-2,toxic,toxic,toxic,toxic,toxic
1656009246478147600,1090675644747386752,ALM - Crossing,C5-2,non-toxic,non-toxic,non-toxic,non-toxic,non-toxic
1657582107802374144,91882544,ALM - Crossing,C1-1,non-toxic,non-toxic,non-toxic,non-toxic,toxic
1656454642237075456,4102376488,ALM - Crossing,C7-1,non-toxic,non-toxic,non-toxic,non-toxic,non-toxic
1652718627345387523,1442524786521870336,ALM - Crossing,C1-2,toxic,non-toxic,toxic,toxic,non-toxic
1655042192065581056,1652974880189747200,ALM - Crossing,C1-1,non-toxic,non-toxic,non-toxic,non-toxic,toxic
1654123964980170756,1383847184714461184,ALM - Crossing,C1-2,non-toxic,non-toxic,non-toxic,non-toxic,non-toxic
1652840292922343424,1367531,ALM - Crossing,C1-1,toxic,toxic,toxic,toxic,toxic
1654174194773393426,491530957,ALM - Crossing,C5-2,non-toxic,non-toxic,non-toxic,non-toxic,non-toxic
1654350480405831681,17469289,ALM - Crossing,C1-1,toxic,toxic,toxic,toxic,toxic
1656971978618667010,937126279286947840,ALM - Crossing,C1-2,toxic,toxic,toxic,toxic,toxic
1656136089202212865,18929234,ALM - Crossing,C1-1,non-toxic,non-toxic,non-toxic,non-toxic,toxic
1656466055462518784,130003441,ALM - Crossing,C1-1,non-toxic,non-toxic,toxic,non-toxic,non-toxic
1657759242521128970,1078998642554490752,ALM - Crossing,C1-2,toxic,non-toxic,toxic,toxic,non-toxic
1655309123112558592,3140528145,ALM - Crossing,C5-2,toxic,toxic,toxic,toxic,non-toxic
1654251296860303362,1497717730975354880,ALM - Crossing,C1-2,non-toxic,non-toxic,non-toxic,non-toxic,non-toxic
1655277351952076804,18929234,ALM - Crossing,C1-1,non-toxic,non-toxic,non-toxic,non-toxic,toxic
1654780796719210496,709031949936037888,ALM - Crossing,C5-2,non-toxic,non-toxic,non-toxic,non-toxic,non-toxic
1654674455086641153,3242594317,ALM - Crossing,C1-2,toxic,non-toxic,toxic,toxic,toxic
1657570651824062465,1586776821164646400,ALM - Crossing,C7-1,non-toxic,non-toxic,non-toxic,non-toxic,non-toxic
1652797510031687687,1367531,ALM - Crossing,C1-1,non-toxic,non-toxic,non-toxic,non-toxic,non-toxic
1653053670798290944,826065164504006656,ALM - Crossing,C1-1,non-toxic,non-toxic,non-toxic,non-toxic,non-toxic
1653080962480193540,775519985921888256,ALM - Crossing,C1-2,toxic,toxic,toxic,toxic,toxic
1655916956619350016,1509546577907662848,ALM - Crossing,C5-2,toxic,toxic,toxic,toxic,non-toxic
1659982320365981696,321954654,ALM - Crossing,C1-1,non-toxic,non-toxic,toxic,non-toxic,toxic
1658539134355398656,2369366671,ALM - Crossing,C1-1,toxic,toxic,non-toxic,toxic,toxic
1658123802339946498,385739684,ALM - Crossing,C1-1,non-toxic,non-toxic,non-toxic,non-toxic,non-toxic
1662786394362720257,1606017707035529216,ALM - Crossing,C1-1,toxic,toxic,toxic,toxic,toxic
1659504648531615745,7587032,ALM - Crossing,C5-2,non-toxic,non-toxic,toxic,non-toxic,non-toxic
1660537873714810881,1103711963119415296,ALM - Crossing,C1-2,non-toxic,non-toxic,toxic,non-toxic,non-toxic
1660501193435541504,15070269,ALM - Crossing,C1-2,non-toxic,non-toxic,non-toxic,non-toxic,non-toxic
1660656322138845187,976122092721725440,ALM - Crossing,C1-1,toxic,toxic,toxic,toxic,toxic
1659049688455159808,4247374520,ALM - Crossing,C1-2,non-toxic,non-toxic,non-toxic,non-toxic,non-toxic
1659571621097619458,112684779,ALM - Crossing,C5-2,toxic,toxic,non-toxic,toxic,non-toxic
1659306966458433536,1583342573502058496,ALM - Crossing,C1-2,non-toxic,non-toxic,non-toxic,non-toxic,toxic
1659302274957713410,3788456130,ALM - Crossing,C1-2,non-toxic,non-toxic,non-toxic,non-toxic,toxic
1658938393970057216,1442868781492027392,ALM - Crossing,C5-2,non-toxic,non-toxic,non-toxic,non-toxic,non-toxic
1659766662529204226,1430605174674964480,ALM - Crossing,C7-2,toxic,toxic,toxic,toxic,toxic
1659271755674918939,65159946,ALM - Crossing,C1-1,non-toxic,non-toxic,non-toxic,non-toxic,toxic
1659617946560344064,1045722178854023168,ALM - Crossing,C1-1,toxic,toxic,toxic,toxic,non-toxic
1658438506639704064,709031949936037888,ALM - Crossing,C5-2,non-toxic,non-toxic,non-toxic,non-toxic,non-toxic
1660412925993992192,780890343336206336,ALM - Crossing,C5-2,toxic,toxic,toxic,toxic,toxic
1660193805675495425,455264233,ALM - Crossing,C5-2,non-toxic,non-toxic,non-toxic,non-toxic,non-toxic
1660403634499117061,877956489981419520,ALM - Crossing,C5-1,toxic,toxic,toxic,toxic,toxic
1659711256960585730,38495835,ALM - Crossing,C1-1,non-toxic,non-toxic,non-toxic,non-toxic,non-toxic
1659707032776089600,523248016,ALM - Crossing,C1-1,non-toxic,non-toxic,non-toxic,non-toxic,non-toxic
1659200000419856386,1003174570549891072,ALM - Crossing,C1-2,non-toxic,non-toxic,non-toxic,non-toxic,toxic
1659752345302102018,180542862,ALM - Crossing,C1-1,toxic,toxic,toxic,toxic,non-toxic
1660609803738050560,3380282686,ALM - Crossing,C5-2,non-toxic,non-toxic,non-toxic,non-toxic,non-toxic
1659316841188151300,1109471016,ALM - Crossing,C1-2,non-toxic,non-toxic,non-toxic,non-toxic,non-toxic
1658876219905982465,936858992,ALM - Crossing,C1-1,non-toxic,non-toxic,toxic,non-toxic,toxic
1658196833632395282,1033791437131968512,ALM - Crossing,C5-2,toxic,toxic,toxic,toxic,toxic
1659632364916490262,1574024008617558016,ALM - Crossing,C1-2,non-toxic,non-toxic,non-toxic,non-toxic,non-toxic
1660830311721193472,313676704,ALM - Crossing,C1-1,non-toxic,non-toxic,non-toxic,non-toxic,non-toxic
1658835716401516549,1638707182731509760,ALM - Crossing,C1-2,toxic,toxic,toxic,toxic,toxic
1658488026425851904,15212187,ALM - Crossing,C1-1,non-toxic,non-toxic,non-toxic,non-toxic,non-toxic
1659383847543341056,19211550,ALM - Crossing,C1-1,non-toxic,toxic,toxic,toxic,toxic
1661098627060621312,1274416211258982400,ALM - Crossing,C1-2,toxic,toxic,toxic,toxic,toxic
1659687028944957442,91882544,ALM - Crossing,C1-1,non-toxic,non-toxic,non-toxic,non-toxic,non-toxic
1658715044975108096,1493689421530472448,ALM - Crossing,C1-1,non-toxic,non-toxic,non-toxic,non-toxic,non-toxic
1659642150445785101,2166773905,ALM - Crossing,C1-1,toxic,toxic,toxic,toxic,non-toxic
1661060791683141633,875856268056969216,ALM - Crossing,C1-1,non-toxic,non-toxic,non-toxic,non-toxic,toxic
1658246051088805888,1328422666198544384,ALM - Crossing,C1-2,toxic,toxic,toxic,toxic,non-toxic
1658443092629016577,1544851489381789696,ALM - Crossing,C5-2,non-toxic,non-toxic,non-toxic,non-toxic,non-toxic
1659936810317885443,1383526776412860416,ALM - Crossing,C1-1,toxic,toxic,toxic,toxic,toxic
1660009858337497088,1532561502191767552,ALM - Crossing,C1-2,non-toxic,toxic,toxic,toxic,toxic
1659857981997981696,28618917,ALM - Crossing,C1-1,toxic,toxic,toxic,toxic,toxic
1658192186872045581,50434933,ALM - Crossing,C1-1,non-toxic,non-toxic,non-toxic,non-toxic,non-toxic
1659590685777969152,1585826850244366336,ALM - Crossing,C1-1,toxic,toxic,toxic,toxic,toxic
1660334706326482950,240061707,ALM - Crossing,C1-1,non-toxic,non-toxic,toxic,non-toxic,non-toxic
1658582797400027136,1339166129110065152,ALM - Crossing,C5-2,toxic,toxic,toxic,toxic,toxic
1660622460755103744,1513131431765188608,ALM - Crossing,C1-2,non-toxic,non-toxic,non-toxic,non-toxic,non-toxic
1658210317476974593,890061634181373952,ALM - Crossing,C1-1,non-toxic,non-toxic,non-toxic,non-toxic,non-toxic
1661013379115552771,329292774,ALM - Crossing,C1-1,non-toxic,non-toxic,non-toxic,non-toxic,toxic
1660424686314954758,1556911898486099968,ALM - Crossing,C1-1,non-toxic,non-toxic,non-toxic,non-toxic,toxic
1658540323822264408,895388295496073216,ALM - Crossing,C1-1,non-toxic,non-toxic,non-toxic,non-toxic,non-toxic
1659289329783435282,1425223564693843968,ALM - Crossing,C1-1,non-toxic,non-toxic,toxic,non-toxic,non-toxic
1660054653487181825,1339166129110065152,ALM - Crossing,C5-2,non-toxic,non-toxic,non-toxic,non-toxic,non-toxic
1658279586285641735,55330244,ALM - Crossing,C1-2,non-toxic,non-toxic,non-toxic,non-toxic,non-toxic
1660630450195386369,1287397473489530880,ALM - Crossing,C5-1,toxic,toxic,toxic,toxic,toxic
1661023571114881028,1488942484226932736,ALM - Crossing,C1-2,toxic,toxic,non-toxic,toxic,toxic
1659524991631740929,1271509388319170560,ALM - Crossing,C1-2,non-toxic,non-toxic,toxic,non-toxic,toxic
1660091525462728704,3096147528,ALM - Crossing,C1-1,non-toxic,non-toxic,non-toxic,non-toxic,toxic
1660669515728842752,312800783,ALM - Crossing,C1-1,non-toxic,non-toxic,non-toxic,non-toxic,non-toxic
1659968031802662913,22036446,ALM - Crossing,C1-1,non-toxic,non-toxic,non-toxic,non-toxic,non-toxic
1660726916238938112,282220986,ALM - Crossing,C1-2,toxic,toxic,toxic,toxic,non-toxic
1658242033012600832,19211550,ALM - Crossing,C1-1,non-toxic,non-toxic,non-toxic,non-toxic,toxic
1658201851378933769,832978972602429440,ALM - Crossing,C1-1,non-toxic,non-toxic,non-toxic,non-toxic,non-toxic
1660676180188512262,1459511335839014912,ALM - Crossing,C1-2,toxic,toxic,toxic,toxic,toxic
1659878913324064768,1594099491023593472,ALM - Crossing,C1-2,non-toxic,non-toxic,non-toxic,non-toxic,non-toxic
1659906955748466694,4914384040,ALM - Crossing,C1-1,non-toxic,non-toxic,non-toxic,non-toxic,non-toxic
1660724382140866573,1084264573,ALM - Crossing,C1-2,non-toxic,non-toxic,non-toxic,non-toxic,non-toxic
1659600127454236673,1647075147277557760,ALM - Crossing,C5-1,non-toxic,non-toxic,non-toxic,non-toxic,non-toxic
1660630129503027200,542962969,ALM - Crossing,C1-1,non-toxic,non-toxic,non-toxic,non-toxic,non-toxic
1659341004246269952,1544489652014440448,ALM - Crossing,C1-2,non-toxic,non-toxic,non-toxic,non-toxic,non-toxic
1659658551814397953,1533619117307076608,ALM - Crossing,C1-2,toxic,toxic,toxic,toxic,toxic
1658488073309794306,1544408838308171776,ALM - Crossing,C1-2,non-toxic,non-toxic,non-toxic,non-toxic,non-toxic
1658121869080379393,5770442,ALM - Crossing,C1-2,toxic,toxic,toxic,toxic,toxic
1660792381258579969,1394992781630877696,ALM - Crossing,C1-2,toxic,toxic,toxic,toxic,non-toxic
1660092162418016257,1475601295,ALM - Crossing,C5-2,toxic,toxic,toxic,toxic,toxic
1659607026371117057,11203972,ALM - Crossing,C1-2,non-toxic,non-toxic,non-toxic,non-toxic,non-toxic
1659333054500831232,1524226014271913984,ALM - Crossing,C1-2,toxic,toxic,toxic,toxic,toxic
1658853399268343811,715850854943866880,ALM - Crossing,C5-2,non-toxic,non-toxic,non-toxic,non-toxic,non-toxic
1658350611333619713,1440338610457231360,ALM - Crossing,C1-2,non-toxic,non-toxic,toxic,non-toxic,non-toxic
1658480389609119746,3305520313,ALM - Crossing,C1-2,non-toxic,non-toxic,non-toxic,non-toxic,non-toxic
1661075417896239104,1319287761048723456,ALM - Crossing,C1-2,non-toxic,non-toxic,non-toxic,non-toxic,non-toxic
1658118867388882945,360868889,ALM - Crossing,C1-3,non-toxic,non-toxic,non-toxic,non-toxic,non-toxic
1660360728786657280,1518744729550307328,ALM - Crossing,C1-1,non-toxic,non-toxic,non-toxic,non-toxic,non-toxic
1658207418977861632,930212715422998528,ALM - Crossing,C1-1,non-toxic,non-toxic,non-toxic,non-toxic,non-toxic
1659684752142524416,810055220,ALM - Crossing,C1-1,toxic,toxic,toxic,toxic,toxic
1660535451067854848,1438808441825419264,ALM - Crossing,C5-1,non-toxic,non-toxic,non-toxic,non-toxic,non-toxic
1658201168072327169,1319287761048723456,ALM - Crossing,C1-2,non-toxic,non-toxic,non-toxic,non-toxic,non-toxic
1658548648764923913,39344374,ALM - Crossing,C1-1,non-toxic,non-toxic,non-toxic,non-toxic,non-toxic
1659504626545074178,1651019613570834432,ALM - Crossing,C1-2,toxic,non-toxic,toxic,toxic,non-toxic
1661027854878998530,2174509045,ALM - Crossing,C1-2,toxic,toxic,toxic,toxic,toxic
1660447160419196928,827221661787287552,ALM - Crossing,C1-1,toxic,toxic,toxic,toxic,non-toxic
1660416433380098048,579019262,ALM - Crossing,C1-1,toxic,toxic,toxic,toxic,toxic
1660266979285159939,561403801,ALM - Crossing,C1-1,non-toxic,non-toxic,non-toxic,non-toxic,non-toxic
1659260882440921107,1649033257785212928,ALM - Crossing,C1-2,toxic,toxic,toxic,toxic,toxic
1660520763156316162,101541840,ALM - Crossing,C1-2,toxic,toxic,toxic,toxic,toxic
1660870393832300544,202813040,ALM - Crossing,C5-2,toxic,non-toxic,non-toxic,non-toxic,non-toxic
1659296518862434308,91882544,ALM - Crossing,C1-1,non-toxic,non-toxic,non-toxic,non-toxic,non-toxic
1660986924188794880,19899606,ALM - Crossing,C5-2,non-toxic,non-toxic,non-toxic,non-toxic,non-toxic
1660483618702266370,1616975606104879104,ALM - Crossing,C5-1,toxic,toxic,toxic,toxic,non-toxic
1657933061185568768,794283565517336576,ALM - Crossing,C5-2,non-toxic,non-toxic,non-toxic,non-toxic,non-toxic
1658991013128704001,3239291984,ALM - Crossing,C1-2,toxic,toxic,toxic,toxic,toxic
1658637745454211073,707278892801765376,ALM - Crossing,C1-1,non-toxic,non-toxic,non-toxic,non-toxic,non-toxic
1658669513129226241,191871143,ALM - Crossing,C1-1,non-toxic,non-toxic,non-toxic,non-toxic,non-toxic
1659215668166754304,1638707182731509760,ALM - Crossing,C1-2,toxic,toxic,toxic,toxic,non-toxic
1661131143427620865,1492250148294074368,ALM - Crossing,C1-2,toxic,toxic,toxic,toxic,toxic
1658507764312965122,1575044009382510592,ALM - Crossing,C7-1,toxic,toxic,toxic,toxic,toxic
1659907826418892800,25645943,ALM - Crossing,C1-3,toxic,toxic,toxic,toxic,toxic
1652863142328782849,1649395076,BLM - Crossing,C3-1,non-toxic,non-toxic,non-toxic,non-toxic,non-toxic
1657294754596651009,833998650145546240,BLM - Crossing,C3-2,non-toxic,non-toxic,non-toxic,non-toxic,toxic
1656114909468393472,1096497128,BLM - Crossing,C6-2,non-toxic,non-toxic,non-toxic,non-toxic,non-toxic
1657537471947702272,54340475,BLM - Crossing,C6-2,toxic,toxic,toxic,toxic,non-toxic
1656035599915073536,1618942589431955712,BLM - Crossing,C2-1,toxic,toxic,toxic,toxic,non-toxic
1657014378456317954,735636196290756608,BLM - Crossing,C3-2,non-toxic,non-toxic,non-toxic,non-toxic,toxic
1653739869691166720,1422011780319023104,BLM - Crossing,C3-1,non-toxic,non-toxic,non-toxic,non-toxic,toxic
1655657989867536385,821416574938652672,BLM - Crossing,C2-1,non-toxic,non-toxic,non-toxic,non-toxic,non-toxic
1660701769440083989,1506599268194430976,BLM - Crossing,C6-2,toxic,toxic,toxic,toxic,non-toxic
1655918277011337216,1474808942018666496,BLM - Crossing,C3-1,non-toxic,non-toxic,non-toxic,non-toxic,non-toxic
1656067532502048770,971536182969384960,BLM - Crossing,C3-2,toxic,toxic,toxic,toxic,toxic
1654506340637614086,819994707061248000,BLM - Crossing,C3-1,non-toxic,non-toxic,non-toxic,non-toxic,non-toxic
1655245313530265600,1629265869342916608,BLM - Crossing,C6-1,toxic,toxic,toxic,toxic,toxic
1653793286119628801,18052474,BLM - Crossing,C2-1,non-toxic,non-toxic,toxic,non-toxic,toxic
1657904649331003394,1126096396682240000,BLM - Crossing,C6-2,non-toxic,non-toxic,non-toxic,non-toxic,non-toxic
1657842166935302145,800707492346925056,BLM - Crossing,C2-2,non-toxic,non-toxic,non-toxic,non-toxic,non-toxic
1656091679399505921,1348246299141951488,BLM - Crossing,C6-2,non-toxic,non-toxic,non-toxic,non-toxic,non-toxic
1656149937975881729,1432647649,BLM - Crossing,C2-1,non-toxic,non-toxic,non-toxic,non-toxic,non-toxic
1653424842618679303,4860850240,BLM - Crossing,C2-1,toxic,non-toxic,non-toxic,non-toxic,toxic
1654822223339831296,7309052,BLM - Crossing,C2-1,toxic,toxic,toxic,toxic,non-toxic
1656482931563438081,3011295833,BLM - Crossing,C3-2,toxic,toxic,toxic,toxic,toxic
1649416762847363077,16664681,BLM - Crossing,C2-2,non-toxic,non-toxic,non-toxic,non-toxic,non-toxic
1652836402000789504,16635277,BLM - Crossing,C3-1,non-toxic,non-toxic,non-toxic,non-toxic,non-toxic
1657584621041713152,2832450583,BLM - Crossing,C3-2,non-toxic,non-toxic,non-toxic,non-toxic,non-toxic
1657882172508733441,1000520634710003584,BLM - Crossing,C2-1,toxic,non-toxic,toxic,toxic,non-toxic
1656267856873680897,32871086,BLM - Crossing,C3-1,non-toxic,non-toxic,non-toxic,non-toxic,non-toxic
1654119953987956737,2281358053,BLM - Crossing,C3-1,non-toxic,non-toxic,non-toxic,non-toxic,non-toxic
1653538637550592002,29270341,BLM - Crossing,C3-2,non-toxic,non-toxic,non-toxic,non-toxic,toxic
1654550499444797441,189425431,BLM - Crossing,C2-1,non-toxic,non-toxic,non-toxic,non-toxic,non-toxic
1654537424410902533,591458284,BLM - Crossing,C6-1,toxic,non-toxic,toxic,toxic,non-toxic
1656240667012603906,2467791,BLM - Crossing,C2-2,non-toxic,non-toxic,non-toxic,non-toxic,non-toxic
1655276178612076546,1344841528817164288,BLM - Crossing,C6-2,non-toxic,non-toxic,non-toxic,non-toxic,non-toxic
1653092147808067611,821939292532604928,BLM - Crossing,C3-2,non-toxic,non-toxic,non-toxic,non-toxic,non-toxic
1653792190491926531,360940659,BLM - Crossing,C2-1,non-toxic,non-toxic,non-toxic,non-toxic,non-toxic
1652855987299315712,4643646492,BLM - Crossing,C3-1,toxic,non-toxic,non-toxic,non-toxic,non-toxic
1657410901257887747,908182447,BLM - Crossing,C3-2,toxic,toxic,toxic,toxic,toxic
1656688313158467586,735636196290756608,BLM - Crossing,C3-2,non-toxic,non-toxic,non-toxic,non-toxic,non-toxic
1656829888534306816,1193077441914429440,BLM - Crossing,C3-2,non-toxic,non-toxic,non-toxic,non-toxic,non-toxic
1656244377646256130,1514502401486639104,BLM - Crossing,C2-2,non-toxic,non-toxic,non-toxic,non-toxic,non-toxic
1653790369237159938,479704533,BLM - Crossing,C2-1,non-toxic,non-toxic,non-toxic,non-toxic,non-toxic
1655686396517171200,55060090,BLM - Crossing,C3-1,non-toxic,non-toxic,non-toxic,non-toxic,non-toxic
1656384869457338370,4765169125,BLM - Crossing,C3-2,non-toxic,non-toxic,non-toxic,non-toxic,non-toxic
1653958010618912769,40203154,BLM - Crossing,C3-2,non-toxic,non-toxic,non-toxic,non-toxic,non-toxic
1653528295948836865,1517995241248366592,BLM - Crossing,C6-2,toxic,toxic,toxic,toxic,toxic
1656304531993501697,3324024455,BLM - Crossing,C3-1,non-toxic,non-toxic,non-toxic,non-toxic,toxic
1654139327025147904,1243560408025198592,BLM - Crossing,C3-1,non-toxic,non-toxic,non-toxic,non-toxic,non-toxic
1653930785403969536,289118612,BLM - Crossing,C3-2,non-toxic,non-toxic,non-toxic,non-toxic,non-toxic
1654522338820358155,1160273953,BLM - Crossing,C3-3,non-toxic,non-toxic,non-toxic,non-toxic,non-toxic
1656373693700886528,2155207283,BLM - Crossing,C3-2,non-toxic,non-toxic,non-toxic,non-toxic,non-toxic
1655489934323777537,24548153,BLM - Crossing,C2-2,non-toxic,non-toxic,non-toxic,non-toxic,non-toxic
1656083131995246594,3067390639,BLM - Crossing,C6-2,non-toxic,non-toxic,non-toxic,non-toxic,non-toxic
1654494192347885572,1598416391106805760,BLM - Crossing,C3-1,non-toxic,non-toxic,non-toxic,non-toxic,non-toxic
1654256828727844865,7768402,BLM - Crossing,C3-1,non-toxic,non-toxic,non-toxic,non-toxic,non-toxic
1654072281381982208,1567904487292952576,BLM - Crossing,C2-1,toxic,toxic,toxic,toxic,non-toxic
1653412156879020036,1540363922355650560,BLM - Crossing,C3-2,non-toxic,non-toxic,non-toxic,non-toxic,non-toxic
1655676707024543759,1917731,BLM - Crossing,C2-2,non-toxic,non-toxic,non-toxic,non-toxic,non-toxic
1657909195641856000,1249725496776146944,BLM - Crossing,C6-2,non-toxic,non-toxic,non-toxic,non-toxic,non-toxic
1651987177432133643,32871086,BLM - Crossing,C3-1,non-toxic,non-toxic,non-toxic,non-toxic,non-toxic
1656901180952551424,1082590698103336960,BLM - Crossing,C3-2,non-toxic,non-toxic,non-toxic,non-toxic,toxic
1654474777397018629,13992132,BLM - Crossing,C2-2,non-toxic,non-toxic,non-toxic,non-toxic,non-toxic
1655399366021226496,1626294277,BLM - Crossing,C4-2,toxic,toxic,non-toxic,toxic,non-toxic
1655415962613448706,1592583749295869952,BLM - Crossing,C6-1,non-toxic,toxic,non-toxic,non-toxic,toxic
1655625580669284377,1534669704639524864,BLM - Crossing,C3-1,toxic,toxic,toxic,toxic,non-toxic
1656297694846136322,1058386263852675200,BLM - Crossing,C2-1,toxic,toxic,non-toxic,toxic,non-toxic
1654479069650493441,436830098,BLM - Crossing,C3-2,non-toxic,non-toxic,non-toxic,non-toxic,non-toxic
1646539451517083649,1585657440372232192,BLM - Crossing,C6-2,non-toxic,non-toxic,non-toxic,non-toxic,toxic
1655649972761550864,478233418,BLM - Crossing,C2-2,non-toxic,non-toxic,non-toxic,non-toxic,non-toxic
1656298131389128704,138168339,BLM - Crossing,C3-1,non-toxic,non-toxic,non-toxic,non-toxic,non-toxic
1657350384682258432,22389632,BLM - Crossing,C6-2,toxic,toxic,toxic,toxic,toxic
1653135176908828672,1315865834925907968,BLM - Crossing,C2-1,non-toxic,non-toxic,non-toxic,non-toxic,non-toxic
1654229434382053379,3067390639,BLM - Crossing,C6-2,toxic,toxic,toxic,toxic,toxic
1650887385104924672,1229968761613996032,BLM - Crossing,C2-2,non-toxic,non-toxic,non-toxic,non-toxic,non-toxic
1657125641773371394,879229100,BLM - Crossing,C2-1,toxic,toxic,toxic,toxic,toxic
1655294584904118275,340717642,BLM - Crossing,C2-2,non-toxic,non-toxic,non-toxic,non-toxic,non-toxic
1656787557559021569,1618942589431955712,BLM - Crossing,C2-1,toxic,toxic,toxic,toxic,toxic
1653936073771487234,1480886356410781696,BLM - Crossing,C3-2,toxic,toxic,toxic,toxic,toxic
1655415799903920128,30349566,BLM - Crossing,C2-1,toxic,toxic,toxic,toxic,toxic
1655818229229682688,18431625,BLM - Crossing,C3-1,non-toxic,non-toxic,non-toxic,non-toxic,non-toxic
1654146459103625218,55376380,BLM - Crossing,C3-1,non-toxic,non-toxic,non-toxic,non-toxic,non-toxic
1653040770197123075,3937263083,BLM - Crossing,C3-2,toxic,toxic,toxic,toxic,toxic
1658046198597443587,1576292378746523648,BLM - Crossing,C6-2,toxic,toxic,toxic,toxic,toxic
1653424751459835904,55060090,BLM - Crossing,C3-1,non-toxic,non-toxic,non-toxic,non-toxic,non-toxic
1653558190590574597,20572543,BLM - Crossing,C6-2,non-toxic,non-toxic,toxic,non-toxic,non-toxic
1657003704787058688,193055295,BLM - Crossing,C2-2,toxic,non-toxic,toxic,toxic,non-toxic
1653592434343911424,48495660,BLM - Crossing,C6-2,toxic,toxic,toxic,toxic,toxic
1654601923969056768,936788589622435840,BLM - Crossing,C3-2,non-toxic,non-toxic,non-toxic,non-toxic,non-toxic
1655289759990784000,30349566,BLM - Crossing,C2-1,toxic,toxic,toxic,toxic,toxic
1662958456062504963,30349566,BLM - Crossing,C2-1,toxic,toxic,toxic,toxic,non-toxic
1653124577457741828,782013094042144768,BLM - Crossing,C3-2,toxic,toxic,toxic,toxic,toxic
1653482071879307285,16715398,BLM - Crossing,C2-2,non-toxic,non-toxic,non-toxic,non-toxic,toxic
1655574439789047808,1497208608362319872,BLM - Crossing,C3-2,toxic,toxic,toxic,toxic,toxic
1656382107697000452,1051473635926568960,BLM - Crossing,C6-2,toxic,toxic,toxic,toxic,toxic
1654276817509908486,1593973421301534720,BLM - Crossing,C6-2,toxic,toxic,toxic,toxic,toxic
1654113237384978434,32293552,BLM - Crossing,C2-2,non-toxic,non-toxic,non-toxic,non-toxic,non-toxic
1656585608687493120,18082945,BLM - Crossing,C3-2,non-toxic,non-toxic,non-toxic,non-toxic,non-toxic
1655880785700716549,21461359,BLM - Crossing,C3-1,non-toxic,non-toxic,non-toxic,non-toxic,non-toxic
1651588375772536832,1427305065770012672,BLM - Crossing,C6-1,toxic,toxic,toxic,toxic,non-toxic
1657259242166841345,95302483,BLM - Crossing,C6-2,toxic,toxic,toxic,toxic,toxic
1653225253781266436,26100768,BLM - Crossing,C2-1,non-toxic,non-toxic,non-toxic,non-toxic,non-toxic
1657184698857140225,246667561,BLM - Crossing,C3-1,non-toxic,toxic,non-toxic,non-toxic,toxic
1657063628464615424,18510860,BLM - Crossing,C3-1,non-toxic,non-toxic,non-toxic,non-toxic,non-toxic
1657550748450709504,2683757197,BLM - Crossing,C2-1,toxic,toxic,toxic,toxic,toxic
1657334462441553920,1318525328273428480,BLM - Crossing,C2-2,non-toxic,non-toxic,non-toxic,non-toxic,non-toxic
1653062669153501192,842253010348658688,BLM - Crossing,C2-1,toxic,toxic,toxic,toxic,non-toxic
1653918964794241024,391616623,BLM - Crossing,C2-2,toxic,toxic,toxic,toxic,toxic
1652932602477654018,20275550,BLM - Crossing,C3-3,non-toxic,non-toxic,non-toxic,non-toxic,non-toxic
1655691558874669061,16012783,BLM - Crossing,C3-1,toxic,toxic,toxic,toxic,toxic
1656708540445212695,16116288,BLM - Crossing,C2-2,non-toxic,non-toxic,non-toxic,non-toxic,non-toxic
1381602754611851274,1009577803304656768,BLM - Crossing,C3-1,non-toxic,non-toxic,non-toxic,non-toxic,non-toxic
1656709819091279872,281532180,BLM - Crossing,C3-1,non-toxic,non-toxic,non-toxic,non-toxic,non-toxic
1657508233219657728,21962767,BLM - Crossing,C2-1,toxic,toxic,toxic,toxic,toxic
1655510667825225728,987779282733805568,BLM - Crossing,C4-1,toxic,toxic,toxic,toxic,toxic
1654128008167563269,32984049,BLM - Crossing,C2-1,toxic,toxic,toxic,toxic,toxic
1634572335251439617,739844197935644672,BLM - Crossing,C3-1,non-toxic,toxic,toxic,toxic,toxic
1654265415944613889,819994707061248000,BLM - Crossing,C3-1,non-toxic,non-toxic,non-toxic,non-toxic,non-toxic
1653868585763196932,1148408072,BLM - Crossing,C3-1,non-toxic,non-toxic,non-toxic,non-toxic,non-toxic
1653850187176071169,821901681231298560,BLM - Crossing,C3-1,non-toxic,non-toxic,non-toxic,non-toxic,non-toxic
1655627829650894861,45266169,BLM - Crossing,C2-2,non-toxic,non-toxic,non-toxic,non-toxic,toxic
1653968057532919811,1608156838037438464,BLM - Crossing,C6-1,non-toxic,non-toxic,non-toxic,non-toxic,non-toxic
1656336888989650945,731753429782036480,BLM - Crossing,C3-1,non-toxic,non-toxic,non-toxic,non-toxic,non-toxic
1656404764895383552,85601740,BLM - Crossing,C2-1,non-toxic,non-toxic,non-toxic,non-toxic,non-toxic
1657265835512061952,452540168,BLM - Crossing,C4-2,toxic,toxic,toxic,toxic,non-toxic
1652715543286128641,138168339,BLM - Crossing,C3-1,non-toxic,non-toxic,non-toxic,non-toxic,non-toxic
1569776040591106048,1353019498010447872,BLM - Crossing,C2-1,non-toxic,non-toxic,non-toxic,non-toxic,non-toxic
1656751859808468993,878284831,BLM - Crossing,C3-1,non-toxic,non-toxic,non-toxic,non-toxic,non-toxic
1655104082187632640,2981732806,BLM - Crossing,C6-2,non-toxic,non-toxic,non-toxic,non-toxic,non-toxic
1656346112733892608,1534669704639524864,BLM - Crossing,C3-1,non-toxic,non-toxic,non-toxic,non-toxic,non-toxic
1657040753049075717,30349566,BLM - Crossing,C2-1,toxic,toxic,toxic,toxic,toxic
1653769223087222785,244555465,BLM - Crossing,C2-1,toxic,toxic,toxic,toxic,toxic
1652082618244931584,1193077441914429440,BLM - Crossing,C3-2,non-toxic,non-toxic,non-toxic,non-toxic,non-toxic
1654254915605213188,1524270669378244608,BLM - Crossing,C2-1,toxic,toxic,toxic,toxic,toxic
1654593820208529408,244555465,BLM - Crossing,C2-1,toxic,toxic,toxic,toxic,toxic
1656995354833723392,27943005,BLM - Crossing,C3-1,non-toxic,non-toxic,non-toxic,non-toxic,non-toxic
1654337746805170177,1432283469565026304,BLM - Crossing,C6-2,non-toxic,non-toxic,non-toxic,non-toxic,non-toxic
1655943950577045504,904441159988252800,BLM - Crossing,C6-2,toxic,non-toxic,toxic,toxic,non-toxic
1649105167055482880,735636196290756608,BLM - Crossing,C3-2,non-toxic,non-toxic,non-toxic,non-toxic,non-toxic
1653386212068016130,289118612,BLM - Crossing,C3-2,toxic,toxic,non-toxic,toxic,non-toxic
1653064225902788611,4440595215,BLM - Crossing,C3-1,non-toxic,non-toxic,non-toxic,non-toxic,non-toxic
1661087098005274661,1506599268194430976,BLM - Crossing,C6-2,toxic,toxic,toxic,toxic,toxic
1656598643971960832,2752421026,BLM - Crossing,C4-2,non-toxic,non-toxic,non-toxic,non-toxic,non-toxic
1653043498084446218,28785486,BLM - Crossing,C2-2,non-toxic,non-toxic,non-toxic,non-toxic,non-toxic
1657450863592456195,1529971785734709248,BLM - Crossing,C6-1,toxic,toxic,toxic,toxic,toxic
1655688038301696000,1917731,BLM - Crossing,C2-2,non-toxic,non-toxic,non-toxic,non-toxic,non-toxic
1653372002739056640,65494780,BLM - Crossing,C2-2,non-toxic,non-toxic,non-toxic,non-toxic,non-toxic
1656724054974373893,132339474,BLM - Crossing,C3-1,non-toxic,non-toxic,non-toxic,non-toxic,toxic
1656333559697743872,286998245,BLM - Crossing,C2-2,non-toxic,non-toxic,non-toxic,non-toxic,non-toxic
1654453116685762561,1014452063533535232,BLM - Crossing,C3-2,toxic,toxic,toxic,toxic,toxic
1650473544625602561,1088862056705593216,BLM - Crossing,C3-1,toxic,toxic,toxic,toxic,toxic
1655560195051773952,2266556515,BLM - Crossing,C3-1,non-toxic,non-toxic,non-toxic,non-toxic,non-toxic
1654571831385370627,1058827728537948160,BLM - Crossing,C2-1,non-toxic,non-toxic,non-toxic,non-toxic,non-toxic
1656435424473018368,1179556145444397056,BLM - Crossing,C6-1,non-toxic,non-toxic,non-toxic,non-toxic,non-toxic
1654904556277440518,1434023908370354176,BLM - Crossing,C3-1,non-toxic,non-toxic,non-toxic,non-toxic,non-toxic
1655389253507923968,1313813045706207232,BLM - Crossing,C2-1,non-toxic,non-toxic,toxic,non-toxic,non-toxic
1654797270905135108,1451401094492532736,BLM - Crossing,C6-2,toxic,toxic,toxic,toxic,toxic
1654623197168386050,1195712115706912768,BLM - Crossing,C2-1,toxic,toxic,toxic,toxic,toxic
1654906901895737345,1567988883891027968,BLM - Crossing,C3-2,toxic,non-toxic,toxic,toxic,non-toxic
1654354560729640960,987412938490302464,BLM - Crossing,C6-1,toxic,toxic,toxic,toxic,toxic
1655286140297986048,2968635633,BLM - Crossing,C2-1,non-toxic,non-toxic,non-toxic,non-toxic,toxic
1654098288558354433,735636196290756608,BLM - Crossing,C3-2,non-toxic,non-toxic,non-toxic,non-toxic,non-toxic
1654137862495907841,185250928,BLM - Crossing,C2-2,non-toxic,non-toxic,non-toxic,non-toxic,non-toxic
1657415824557199362,1534912161155272704,BLM - Crossing,C6-1,toxic,toxic,toxic,toxic,toxic
1656334115933949953,2517897416,BLM - Crossing,C3-2,non-toxic,non-toxic,non-toxic,non-toxic,non-toxic
1657003456836653056,2378894738,BLM - Crossing,C2-1,non-toxic,non-toxic,non-toxic,non-toxic,non-toxic
1657781679488901121,1293276151612416000,BLM - Crossing,C6-2,non-toxic,non-toxic,non-toxic,non-toxic,non-toxic
1654499356442066946,58882633,BLM - Crossing,C2-1,toxic,toxic,toxic,toxic,toxic
1654338925018910720,1475928246306832384,BLM - Crossing,C3-3,toxic,toxic,toxic,toxic,toxic
1657181554173526017,1488309658376806400,BLM - Crossing,C6-2,non-toxic,non-toxic,toxic,non-toxic,toxic
1657790211223592960,399178595,BLM - Crossing,C3-1,non-toxic,non-toxic,non-toxic,non-toxic,non-toxic
1653224973035503616,819994707061248000,BLM - Crossing,C3-1,non-toxic,non-toxic,non-toxic,non-toxic,non-toxic
1654485987454603264,55060090,BLM - Crossing,C3-1,non-toxic,non-toxic,non-toxic,non-toxic,non-toxic
1654929702761684992,399178595,BLM - Crossing,C3-1,non-toxic,non-toxic,non-toxic,non-toxic,non-toxic
1654692904273600512,15220768,BLM - Crossing,C3-1,non-toxic,non-toxic,non-toxic,non-toxic,non-toxic
1644349287608754176,1387810283792568320,BLM - Crossing,C3-2,toxic,toxic,toxic,toxic,toxic
1656417885105840129,27493883,BLM - Crossing,C3-1,non-toxic,non-toxic,non-toxic,non-toxic,non-toxic
1655612738456911872,1283082665227321088,BLM - Crossing,C6-1,toxic,toxic,toxic,toxic,non-toxic
1650497877062434816,1549456279361527808,BLM - Crossing,C3-2,toxic,toxic,toxic,toxic,toxic
1653403780510089219,1427380790829199360,BLM - Crossing,C6-2,non-toxic,non-toxic,non-toxic,non-toxic,non-toxic
1656263848591085569,754480034778341376,BLM - Crossing,C6-1,non-toxic,non-toxic,non-toxic,non-toxic,non-toxic
1653008675416715265,977954268396179584,BLM - Crossing,C6-1,toxic,toxic,toxic,toxic,non-toxic
1653853755165626374,2868329501,BLM - Crossing,C3-1,non-toxic,non-toxic,non-toxic,non-toxic,toxic
1655345527817420800,57305712,BLM - Crossing,C6-1,non-toxic,non-toxic,non-toxic,non-toxic,non-toxic
1653037821102284801,4214321,BLM - Crossing,C2-2,non-toxic,non-toxic,non-toxic,non-toxic,non-toxic
1652926832642236416,24491044,BLM - Crossing,C6-1,non-toxic,non-toxic,non-toxic,non-toxic,non-toxic
1656770617352372224,819994707061248000,BLM - Crossing,C3-1,non-toxic,non-toxic,non-toxic,non-toxic,non-toxic
1636541616155418626,1194152189142417408,BLM - Crossing,C3-2,toxic,toxic,toxic,toxic,toxic
1654453876785831936,22069613,BLM - Crossing,C6-1,toxic,toxic,toxic,toxic,non-toxic
1659259267327705088,30349566,BLM - Crossing,C2-1,toxic,toxic,toxic,toxic,toxic
1653392377011208198,548384458,BLM - Crossing,C3-1,non-toxic,non-toxic,non-toxic,non-toxic,non-toxic
1655331892462321674,2312412000,BLM - Crossing,C6-2,toxic,toxic,toxic,toxic,toxic
1654909862139109377,1563594891455782912,BLM - Crossing,C6-2,non-toxic,non-toxic,non-toxic,non-toxic,non-toxic
1655327569250750464,1575563313551114240,BLM - Crossing,C2-1,toxic,toxic,toxic,toxic,toxic
1654481797399420928,16102208,BLM - Crossing,C3-1,toxic,toxic,toxic,toxic,toxic
1653682986162724865,1416899062939389952,BLM - Crossing,C3-3,non-toxic,non-toxic,non-toxic,non-toxic,non-toxic
1656447300003147776,2517897416,BLM - Crossing,C3-2,non-toxic,non-toxic,non-toxic,non-toxic,non-toxic
1654866881394688002,1186889059781791488,BLM - Crossing,C2-1,toxic,toxic,toxic,toxic,toxic
1657857165602746368,1680584214,BLM - Crossing,C6-1,toxic,toxic,toxic,toxic,toxic
1657533975127113728,3294291206,BLM - Crossing,C6-1,toxic,toxic,toxic,toxic,non-toxic
1656016582680739841,2836421,BLM - Crossing,C3-1,toxic,toxic,toxic,toxic,non-toxic
1655590589780447239,1273397296630239232,BLM - Crossing,C3-2,non-toxic,non-toxic,non-toxic,non-toxic,non-toxic
1656123980611297280,1496309439221096448,BLM - Crossing,C3-1,non-toxic,non-toxic,non-toxic,non-toxic,non-toxic
1655763850627805190,766425702543622144,BLM - Crossing,C3-1,non-toxic,non-toxic,non-toxic,non-toxic,non-toxic
1657179905224785922,1165678043169296384,BLM - Crossing,C6-2,non-toxic,non-toxic,non-toxic,non-toxic,non-toxic
1657141875201961987,939091,BLM - Crossing,C3-1,non-toxic,non-toxic,non-toxic,non-toxic,non-toxic
1653416704733478922,3957369837,BLM - Crossing,C6-2,non-toxic,non-toxic,non-toxic,non-toxic,non-toxic
1653042657919217666,1408582701385388032,BLM - Crossing,C6-2,toxic,toxic,toxic,toxic,toxic
1655261826748227585,2291833676,BLM - Crossing,C6-2,non-toxic,non-toxic,non-toxic,non-toxic,non-toxic
1654299960291065857,1283082665227321088,BLM - Crossing,C6-1,toxic,toxic,toxic,toxic,toxic
1656730558196482065,1296859699791495168,BLM - Crossing,C2-2,toxic,toxic,toxic,toxic,non-toxic
1658101233482342406,1621279611006103552,BLM - Crossing,C3-2,toxic,toxic,toxic,toxic,toxic
1655038314552885251,3067390639,BLM - Crossing,C6-2,non-toxic,non-toxic,non-toxic,non-toxic,non-toxic
1656003732591583234,40963655,BLM - Crossing,C3-1,non-toxic,non-toxic,non-toxic,non-toxic,non-toxic
1299104405334130688,15012486,BLM - Crossing,C2-2,non-toxic,non-toxic,non-toxic,non-toxic,non-toxic
1654938001875558411,2984679029,BLM - Crossing,C2-1,toxic,toxic,non-toxic,toxic,toxic
1647302179907043330,2517897416,BLM - Crossing,C3-2,non-toxic,non-toxic,non-toxic,non-toxic,non-toxic
1656734501194563595,978265628426432384,BLM - Crossing,C3-1,non-toxic,non-toxic,non-toxic,non-toxic,non-toxic
1655411988502069250,2329369573,BLM - Crossing,C2-2,non-toxic,non-toxic,non-toxic,non-toxic,non-toxic
1645461611866632192,735636196290756608,BLM - Crossing,C3-2,non-toxic,non-toxic,non-toxic,non-toxic,non-toxic
1654105895121440771,18294521,BLM - Crossing,C2-1,non-toxic,non-toxic,non-toxic,non-toxic,non-toxic
1652283410788884480,1298372735383605248,BLM - Crossing,C3-1,non-toxic,non-toxic,non-toxic,non-toxic,non-toxic
1656288665046220801,240107748,BLM - Crossing,C2-2,toxic,toxic,non-toxic,toxic,toxic
1656498618172604427,770036405292720128,BLM - Crossing,C2-2,toxic,toxic,toxic,toxic,toxic
1642825331840040961,1196065137981108224,BLM - Crossing,C2-1,non-toxic,non-toxic,non-toxic,non-toxic,non-toxic
1647240495465398273,55060090,BLM - Crossing,C3-1,non-toxic,non-toxic,non-toxic,non-toxic,toxic
1654121101595738112,934628955344244736,BLM - Crossing,C2-1,toxic,toxic,toxic,toxic,toxic
1657399912772907008,42531267,BLM - Crossing,C2-1,non-toxic,non-toxic,non-toxic,non-toxic,non-toxic
1653918192324976640,1517995241248366592,BLM - Crossing,C6-2,non-toxic,non-toxic,non-toxic,non-toxic,non-toxic
1656493183273168896,1230011019390382080,BLM - Crossing,C3-2,non-toxic,non-toxic,non-toxic,non-toxic,non-toxic
1653751874879737857,55376380,BLM - Crossing,C3-1,toxic,toxic,toxic,toxic,toxic
1653882437032706049,126082864,BLM - Crossing,C2-2,non-toxic,non-toxic,non-toxic,non-toxic,non-toxic
1656668696033763331,1488309658376806400,BLM - Crossing,C6-2,non-toxic,non-toxic,non-toxic,non-toxic,toxic
1654138818805768195,978265628426432384,BLM - Crossing,C3-1,non-toxic,non-toxic,non-toxic,non-toxic,non-toxic
1657117947842666496,1330602581962477568,BLM - Crossing,C2-1,non-toxic,non-toxic,non-toxic,non-toxic,non-toxic
1655252670444187649,3067390639,BLM - Crossing,C6-2,toxic,toxic,toxic,toxic,toxic
1653113210344464387,1221462414744596480,BLM - Crossing,C3-1,non-toxic,non-toxic,non-toxic,non-toxic,non-toxic
1655189201409695746,1353019498010447872,BLM - Crossing,C2-1,non-toxic,non-toxic,non-toxic,non-toxic,non-toxic
1657100201453322240,18655567,BLM - Crossing,C3-1,non-toxic,non-toxic,non-toxic,non-toxic,toxic
1656034021401563137,2517897416,BLM - Crossing,C3-2,non-toxic,non-toxic,non-toxic,non-toxic,non-toxic
1654594832751542272,55060090,BLM - Crossing,C3-1,non-toxic,non-toxic,non-toxic,non-toxic,non-toxic
1656016169822822423,1490153728875319296,BLM - Crossing,C3-3,toxic,toxic,toxic,toxic,toxic
1656039709318221825,244555465,BLM - Crossing,C2-1,toxic,toxic,toxic,toxic,toxic
1653332530584535040,138168339,BLM - Crossing,C3-1,non-toxic,non-toxic,toxic,non-toxic,toxic
1655610556231872514,1605615340611854336,BLM - Crossing,C6-1,toxic,toxic,toxic,toxic,toxic
1656757495296151552,878284831,BLM - Crossing,C3-1,non-toxic,non-toxic,non-toxic,non-toxic,non-toxic
1653516454203908097,16041234,BLM - Crossing,C3-1,non-toxic,non-toxic,non-toxic,non-toxic,non-toxic
1653118833152999424,2943798075,BLM - Crossing,C2-1,non-toxic,non-toxic,non-toxic,non-toxic,non-toxic
1655301076071981058,48110509,BLM - Crossing,C6-1,non-toxic,non-toxic,non-toxic,non-toxic,toxic
1655980468741758978,37971731,BLM - Crossing,C3-1,non-toxic,non-toxic,non-toxic,non-toxic,non-toxic
1655393395798335488,761043787,BLM - Crossing,C6-2,non-toxic,non-toxic,toxic,non-toxic,toxic
1655954302635212800,904441159988252800,BLM - Crossing,C6-2,non-toxic,non-toxic,non-toxic,non-toxic,non-toxic
1655934667114295296,1279334560019382272,BLM - Crossing,C2-1,non-toxic,non-toxic,non-toxic,non-toxic,non-toxic
1657865867882004480,2767905378,BLM - Crossing,C6-1,non-toxic,non-toxic,non-toxic,non-toxic,toxic
1658793678620483584,23581013,BLM - Crossing,C3-3,non-toxic,non-toxic,non-toxic,non-toxic,toxic
1653807850618228736,1603593871065092096,BLM - Crossing,C6-1,toxic,toxic,toxic,toxic,non-toxic
1654543874012991490,1057447404037922816,BLM - Crossing,C4-2,non-toxic,toxic,toxic,toxic,toxic
1657270104009375744,283886658,BLM - Crossing,C2-1,toxic,toxic,toxic,toxic,non-toxic
1653903393856032770,349819143,BLM - Crossing,C6-2,non-toxic,non-toxic,non-toxic,non-toxic,toxic
1656107960093777920,197279172,BLM - Crossing,C3-2,non-toxic,non-toxic,non-toxic,non-toxic,toxic
1657549731520716801,1520098948828078080,BLM - Crossing,C6-2,non-toxic,non-toxic,non-toxic,non-toxic,non-toxic
1653145045288071168,1917731,BLM - Crossing,C2-2,non-toxic,non-toxic,non-toxic,non-toxic,non-toxic
1656092266274889732,1259572345238360064,BLM - Crossing,C2-2,non-toxic,non-toxic,non-toxic,non-toxic,non-toxic
1653589770503684097,289118612,BLM - Crossing,C3-2,non-toxic,non-toxic,non-toxic,non-toxic,non-toxic
1653465233904615425,289118612,BLM - Crossing,C3-2,non-toxic,non-toxic,non-toxic,non-toxic,non-toxic
1653738221300334593,27493883,BLM - Crossing,C3-1,non-toxic,non-toxic,non-toxic,non-toxic,non-toxic
1653072105951625218,1644020152877584384,BLM - Crossing,C6-1,non-toxic,non-toxic,non-toxic,non-toxic,non-toxic
1659258312393736193,30349566,BLM - Crossing,C2-1,toxic,toxic,toxic,toxic,toxic
1652670749587431424,2097571,BLM - Crossing,C2-2,non-toxic,non-toxic,non-toxic,non-toxic,non-toxic
1656105606531432448,14173315,BLM - Crossing,C2-2,non-toxic,non-toxic,non-toxic,non-toxic,non-toxic
1653406185490640897,3944550434,BLM - Crossing,C2-1,non-toxic,toxic,toxic,toxic,toxic
1650832333442826240,1546944024317251584,BLM - Crossing,C2-1,non-toxic,non-toxic,non-toxic,non-toxic,non-toxic
1654267883357102081,132339474,BLM - Crossing,C3-1,non-toxic,non-toxic,non-toxic,non-toxic,non-toxic
1655273652961640448,805368633740431360,BLM - Crossing,C4-1,toxic,non-toxic,non-toxic,non-toxic,non-toxic
1654520976049143808,1520098948828078080,BLM - Crossing,C6-2,non-toxic,non-toxic,non-toxic,non-toxic,non-toxic
1153781670211772416,701725963,BLM - Crossing,C2-2,non-toxic,non-toxic,non-toxic,non-toxic,toxic
1654225267609731072,3067390639,BLM - Crossing,C6-2,non-toxic,non-toxic,non-toxic,non-toxic,non-toxic
1657868909716951041,978265628426432384,BLM - Crossing,C3-1,non-toxic,non-toxic,non-toxic,non-toxic,non-toxic
1654860602685239298,12811952,BLM - Crossing,C2-2,non-toxic,toxic,non-toxic,non-toxic,non-toxic
1653175963763593218,784911409717121024,BLM - Crossing,C2-1,non-toxic,non-toxic,non-toxic,non-toxic,non-toxic
1656647364134965248,55060090,BLM - Crossing,C3-1,non-toxic,non-toxic,non-toxic,non-toxic,non-toxic
1654605152492421122,1087368772971913216,BLM - Crossing,C6-1,toxic,toxic,toxic,toxic,toxic
1657786942791073795,28817015,BLM - Crossing,C3-1,toxic,toxic,toxic,toxic,toxic
1654974117404368896,736273066725015552,BLM - Crossing,C2-2,non-toxic,non-toxic,non-toxic,non-toxic,non-toxic
1156747622767611906,3067390639,BLM - Crossing,C6-2,non-toxic,non-toxic,toxic,non-toxic,non-toxic
1653236856761487360,1471970787305218048,BLM - Crossing,C3-3,non-toxic,toxic,non-toxic,non-toxic,toxic
1636001375006990340,1549456279361527808,BLM - Crossing,C3-2,non-toxic,non-toxic,non-toxic,non-toxic,non-toxic
1651788790351134720,3302758070,BLM - Crossing,C2-2,non-toxic,toxic,toxic,toxic,toxic
1653460640152055810,1159516868995997696,BLM - Crossing,C3-2,non-toxic,non-toxic,non-toxic,non-toxic,non-toxic
1654188599879905282,1090715513586679808,BLM - Crossing,C2-1,toxic,toxic,toxic,toxic,toxic
1654412176948338690,1495697698422460416,BLM - Crossing,C3-1,non-toxic,non-toxic,non-toxic,non-toxic,non-toxic
1657257955606011905,270132611,BLM - Crossing,C3-1,toxic,non-toxic,non-toxic,non-toxic,non-toxic
1657818987424620557,776745326,BLM - Crossing,C2-1,non-toxic,non-toxic,non-toxic,non-toxic,non-toxic
1657493244043837440,16012783,BLM - Crossing,C3-1,non-toxic,non-toxic,non-toxic,non-toxic,toxic
1655778030508478475,939627829,BLM - Crossing,C2-1,non-toxic,non-toxic,non-toxic,non-toxic,non-toxic
1655549459378339840,54466755,BLM - Crossing,C2-1,non-toxic,non-toxic,non-toxic,non-toxic,non-toxic
1659046004493287425,1414449474072576000,BLM - Crossing,C3-2,non-toxic,non-toxic,non-toxic,non-toxic,non-toxic
1653476096401129488,1534669704639524864,BLM - Crossing,C3-1,non-toxic,non-toxic,non-toxic,non-toxic,non-toxic
1653003833117736960,3279790512,BLM - Crossing,C2-2,toxic,toxic,toxic,toxic,non-toxic
1656407073427689474,1296644845000302592,BLM - Crossing,C3-1,non-toxic,non-toxic,non-toxic,non-toxic,non-toxic
1633149384274632705,48650395,BLM - Crossing,C2-2,toxic,toxic,toxic,toxic,toxic
1656751292252037120,55060090,BLM - Crossing,C3-1,non-toxic,non-toxic,non-toxic,non-toxic,non-toxic
1655530637552484354,1504825450731913216,BLM - Crossing,C3-1,non-toxic,non-toxic,non-toxic,non-toxic,non-toxic
1654540235324235779,248962529,BLM - Crossing,C2-1,non-toxic,toxic,toxic,toxic,toxic
1654606012769267715,878284831,BLM - Crossing,C3-1,non-toxic,non-toxic,non-toxic,non-toxic,non-toxic
1655536887275061253,20288594,BLM - Crossing,C3-1,toxic,toxic,toxic,toxic,toxic
1656361190568652824,1306242163945221888,BLM - Crossing,C6-2,non-toxic,non-toxic,non-toxic,non-toxic,non-toxic
1656378230579027968,244752072,BLM - Crossing,C2-1,non-toxic,non-toxic,non-toxic,non-toxic,toxic
1657040798045679616,30349566,BLM - Crossing,C2-1,toxic,toxic,toxic,toxic,toxic
1655899814691741696,720323991894798336,BLM - Crossing,C3-2,non-toxic,non-toxic,non-toxic,non-toxic,non-toxic
1656805135065178112,40722792,BLM - Crossing,C3-1,non-toxic,non-toxic,non-toxic,non-toxic,non-toxic
1656047317537964037,1221462414744596480,BLM - Crossing,C3-1,non-toxic,non-toxic,non-toxic,non-toxic,non-toxic
1654040843106304001,15985111,BLM - Crossing,C3-1,non-toxic,non-toxic,non-toxic,non-toxic,toxic
1655718431126061056,2482184095,BLM - Crossing,C2-1,non-toxic,non-toxic,toxic,non-toxic,toxic
1653021465963536385,1205226529455632384,BLM - Crossing,C3-1,non-toxic,non-toxic,non-toxic,non-toxic,non-toxic
1661024643090907147,30349566,BLM - Crossing,C2-1,toxic,toxic,toxic,toxic,toxic
1656042824494878722,10252962,BLM - Crossing,C6-2,non-toxic,non-toxic,non-toxic,non-toxic,non-toxic
1657637476016504832,1578114042488651776,BLM - Crossing,C4-1,non-toxic,non-toxic,non-toxic,non-toxic,non-toxic
1656044373895970816,2234760798,BLM - Crossing,C3-1,non-toxic,non-toxic,non-toxic,non-toxic,non-toxic
1653398021298634753,1639107562766323712,BLM - Crossing,C2-2,non-toxic,non-toxic,non-toxic,non-toxic,non-toxic
1655988134306250784,1178291623740035072,BLM - Crossing,C2-1,non-toxic,non-toxic,non-toxic,non-toxic,non-toxic
1653882992601833472,701074879278407680,BLM - Crossing,C2-2,toxic,toxic,toxic,toxic,toxic
1655611670486560775,1221462414744596480,BLM - Crossing,C3-1,non-toxic,non-toxic,non-toxic,non-toxic,toxic
1655900379312209921,30349566,BLM - Crossing,C2-1,toxic,toxic,toxic,toxic,toxic
1655177476169949184,928712572471336960,BLM - Crossing,C2-1,toxic,toxic,non-toxic,toxic,non-toxic
1654153025202561024,1199713522785103872,BLM - Crossing,C4-2,non-toxic,toxic,toxic,toxic,toxic
1655036666115940357,3067390639,BLM - Crossing,C6-2,toxic,toxic,non-toxic,toxic,non-toxic
1654646799154528258,72590123,BLM - Crossing,C6-1,non-toxic,non-toxic,non-toxic,non-toxic,non-toxic
1656713905392222208,1405083276,BLM - Crossing,C3-1,non-toxic,non-toxic,non-toxic,non-toxic,non-toxic
1654165100435996674,1503491238359539712,BLM - Crossing,C4-2,non-toxic,non-toxic,non-toxic,non-toxic,toxic
1654406338783354882,2360306959,BLM - Crossing,C2-1,non-toxic,toxic,non-toxic,non-toxic,non-toxic
1654478489653846016,1520098948828078080,BLM - Crossing,C6-2,toxic,toxic,toxic,toxic,toxic
1656479075714703360,874916178,BLM - Crossing,C3-1,non-toxic,non-toxic,non-toxic,non-toxic,non-toxic
1654221936602365956,3067390639,BLM - Crossing,C6-2,non-toxic,non-toxic,non-toxic,non-toxic,non-toxic
1655227999246069763,22616123,BLM - Crossing,C3-3,toxic,toxic,toxic,toxic,toxic
1653789137730691076,18052474,BLM - Crossing,C2-1,toxic,toxic,toxic,toxic,toxic
1654225573198143497,3067390639,BLM - Crossing,C6-2,toxic,toxic,toxic,toxic,toxic
1656985785952862210,1257652474925719552,BLM - Crossing,C6-2,non-toxic,non-toxic,non-toxic,non-toxic,toxic
1654889867375935489,2949261587,BLM - Crossing,C2-1,non-toxic,non-toxic,non-toxic,non-toxic,toxic
1655730838904995841,1917731,BLM - Crossing,C2-2,non-toxic,non-toxic,non-toxic,non-toxic,non-toxic
1657312503703937024,1315970255705997312,BLM - Crossing,C3-2,non-toxic,non-toxic,non-toxic,non-toxic,non-toxic
1654628502702809088,1594786609404252160,BLM - Crossing,C6-2,non-toxic,non-toxic,toxic,non-toxic,non-toxic
1654406513501392897,2360306959,BLM - Crossing,C2-1,non-toxic,non-toxic,non-toxic,non-toxic,non-toxic
1653726238916358148,55060090,BLM - Crossing,C3-1,non-toxic,non-toxic,non-toxic,non-toxic,toxic
1653597140818575361,878284831,BLM - Crossing,C3-1,non-toxic,non-toxic,non-toxic,non-toxic,toxic
1654461701159374850,467966784,BLM - Crossing,C2-2,non-toxic,non-toxic,non-toxic,non-toxic,non-toxic
1653419606109978624,824706035076075520,BLM - Crossing,C2-2,toxic,toxic,toxic,toxic,toxic
1654104692434128901,1221844062719946752,BLM - Crossing,C6-1,toxic,toxic,toxic,toxic,toxic
1657715372923973633,849400043065004032,BLM - Crossing,C2-1,non-toxic,toxic,toxic,toxic,toxic
1655803782653943809,1599663428116807680,BLM - Crossing,C2-1,toxic,toxic,toxic,toxic,toxic
1654227085022609408,1367127244456538112,BLM - Crossing,C6-2,toxic,toxic,non-toxic,toxic,non-toxic
1656033939012849664,2517897416,BLM - Crossing,C3-2,non-toxic,non-toxic,non-toxic,non-toxic,non-toxic
1656271217836584961,132339474,BLM - Crossing,C3-1,non-toxic,non-toxic,non-toxic,non-toxic,non-toxic
1653112807083106313,1268223690480615424,BLM - Crossing,C3-1,non-toxic,non-toxic,non-toxic,non-toxic,non-toxic
1655698150726746112,1002585917008351232,BLM - Crossing,C6-2,non-toxic,non-toxic,non-toxic,non-toxic,non-toxic
1645312119661817856,24491044,BLM - Crossing,C6-1,toxic,toxic,toxic,toxic,non-toxic
1655184543060570112,1547773091786289152,BLM - Crossing,C3-2,non-toxic,non-toxic,non-toxic,non-toxic,non-toxic
1653752834523901955,1498693504788316160,BLM - Crossing,C2-2,non-toxic,non-toxic,non-toxic,non-toxic,non-toxic
1653898516916236291,979159105234505600,BLM - Crossing,C2-1,toxic,toxic,toxic,toxic,non-toxic
1654299132486647808,1480017385704734720,BLM - Crossing,C6-1,toxic,toxic,toxic,toxic,toxic
1657515058853826562,1243560408025198592,BLM - Crossing,C3-1,non-toxic,non-toxic,non-toxic,non-toxic,toxic
1654973758728441856,736273066725015552,BLM - Crossing,C2-2,non-toxic,non-toxic,non-toxic,non-toxic,non-toxic
1655268438313402374,1640929196,BLM - Crossing,C3-1,non-toxic,non-toxic,non-toxic,non-toxic,toxic
1655276519240114178,21728303,BLM - Crossing,C2-2,toxic,non-toxic,non-toxic,non-toxic,non-toxic
1656095779918864386,1332630685,BLM - Crossing,C2-1,non-toxic,non-toxic,non-toxic,non-toxic,toxic
1656398619396968448,1230011019390382080,BLM - Crossing,C3-2,non-toxic,non-toxic,non-toxic,non-toxic,toxic
1654583868748447745,1148408072,BLM - Crossing,C3-1,toxic,toxic,toxic,toxic,non-toxic
1654605032560418817,1395033337014722560,BLM - Crossing,C2-1,non-toxic,non-toxic,non-toxic,non-toxic,non-toxic
1655607991859654660,403771200,BLM - Crossing,C6-1,non-toxic,non-toxic,non-toxic,non-toxic,non-toxic
1656021428955754496,288277167,BLM - Crossing,C3-1,non-toxic,non-toxic,non-toxic,non-toxic,toxic
1656972633269837837,96149284,BLM - Crossing,C2-2,non-toxic,non-toxic,non-toxic,non-toxic,non-toxic
1656027448633434112,2836421,BLM - Crossing,C3-1,non-toxic,non-toxic,non-toxic,non-toxic,non-toxic
1405244468568145921,942156122,BLM - Crossing,C3-1,toxic,non-toxic,non-toxic,non-toxic,toxic
1652962005345619969,3241707920,BLM - Crossing,C3-2,non-toxic,non-toxic,non-toxic,non-toxic,toxic
1656484899581227008,959552100979150848,BLM - Crossing,C6-2,non-toxic,non-toxic,non-toxic,non-toxic,non-toxic
1656471106893619200,1642964936690114560,BLM - Crossing,C3-3,toxic,toxic,toxic,toxic,toxic
1656073956258988032,22187085,BLM - Crossing,C3-1,non-toxic,non-toxic,non-toxic,non-toxic,non-toxic
1653595157558886400,1650973358,BLM - Crossing,C2-1,toxic,toxic,toxic,toxic,toxic
1576099087958822912,1640929196,BLM - Crossing,C3-1,toxic,toxic,toxic,toxic,toxic
1654944567232466944,1368952093407506432,BLM - Crossing,C2-1,toxic,toxic,toxic,toxic,non-toxic
1654818365632856064,2836421,BLM - Crossing,C3-1,non-toxic,non-toxic,non-toxic,non-toxic,non-toxic
1653572256298156033,286998245,BLM - Crossing,C2-2,non-toxic,non-toxic,non-toxic,non-toxic,non-toxic
1656823237496524805,452540168,BLM - Crossing,C4-2,non-toxic,non-toxic,non-toxic,non-toxic,non-toxic
1657402044649488384,27493883,BLM - Crossing,C3-1,non-toxic,non-toxic,non-toxic,non-toxic,non-toxic
1653188487389270021,1100273579415855232,BLM - Crossing,C2-1,non-toxic,non-toxic,non-toxic,non-toxic,non-toxic
1621185058152275970,1326816010528301056,BLM - Crossing,C2-1,toxic,non-toxic,non-toxic,non-toxic,non-toxic
1652934327209193472,939743193674977152,BLM - Crossing,C2-1,toxic,toxic,toxic,toxic,toxic
1656722556853047296,336149884,BLM - Crossing,C2-1,non-toxic,non-toxic,non-toxic,non-toxic,toxic
1653081190080086016,878284831,BLM - Crossing,C3-1,non-toxic,non-toxic,non-toxic,non-toxic,non-toxic
1656392083274432516,950531,BLM - Crossing,C3-1,toxic,non-toxic,toxic,toxic,non-toxic
1657815299415236608,55060090,BLM - Crossing,C3-1,non-toxic,non-toxic,non-toxic,non-toxic,non-toxic
1575095587896426496,16873455,BLM - Crossing,C6-1,toxic,toxic,toxic,toxic,non-toxic
1656025891917447174,1264890456070139904,BLM - Crossing,C3-2,non-toxic,non-toxic,non-toxic,non-toxic,non-toxic
1656600209982476291,14173315,BLM - Crossing,C2-2,toxic,toxic,non-toxic,toxic,non-toxic
1653107272850243585,148864242,BLM - Crossing,C2-2,non-toxic,non-toxic,non-toxic,non-toxic,non-toxic
1656389936831152130,764187379,BLM - Crossing,C3-1,non-toxic,non-toxic,non-toxic,non-toxic,non-toxic
1656847272062382080,24491044,BLM - Crossing,C6-1,toxic,non-toxic,non-toxic,non-toxic,non-toxic
1653616497825046529,1064305123856396416,BLM - Crossing,C6-1,toxic,toxic,toxic,toxic,toxic
1655963158027067394,30349566,BLM - Crossing,C2-1,toxic,toxic,toxic,toxic,toxic
1656818974481428480,85601740,BLM - Crossing,C2-1,toxic,toxic,toxic,toxic,non-toxic
1654996472088219653,1000520634710003584,BLM - Crossing,C2-1,toxic,toxic,toxic,toxic,toxic
1657761195414425600,55060090,BLM - Crossing,C3-1,non-toxic,non-toxic,non-toxic,non-toxic,non-toxic
1657734015154114563,1917731,BLM - Crossing,C2-2,non-toxic,non-toxic,non-toxic,non-toxic,non-toxic
1655259558623715335,1547773091786289152,BLM - Crossing,C3-2,non-toxic,non-toxic,non-toxic,non-toxic,non-toxic
1653276514887294978,19563264,BLM - Crossing,C3-1,toxic,toxic,toxic,toxic,non-toxic
1656825470803910657,1148705415909105664,BLM - Crossing,C2-1,toxic,toxic,toxic,toxic,toxic
1653931175830867968,386072477,BLM - Crossing,C3-2,non-toxic,non-toxic,non-toxic,non-toxic,non-toxic
1654151232959791107,16041234,BLM - Crossing,C3-1,non-toxic,non-toxic,non-toxic,non-toxic,non-toxic
1654289462145302528,548384458,BLM - Crossing,C3-1,non-toxic,non-toxic,non-toxic,non-toxic,non-toxic
1655690179162648576,1618983538338021376,BLM - Crossing,C6-2,non-toxic,non-toxic,non-toxic,non-toxic,toxic
1654121630984179712,1471970787305218048,BLM - Crossing,C3-3,non-toxic,non-toxic,non-toxic,non-toxic,non-toxic
1653485328760463362,1341438827534168064,BLM - Crossing,C6-2,non-toxic,non-toxic,non-toxic,non-toxic,non-toxic
1656458003820826624,32871086,BLM - Crossing,C3-1,toxic,toxic,non-toxic,toxic,non-toxic
1640835307452137472,16116288,BLM - Crossing,C2-2,non-toxic,non-toxic,non-toxic,non-toxic,non-toxic
1656689952472682496,370657843,BLM - Crossing,C4-1,non-toxic,non-toxic,non-toxic,non-toxic,non-toxic
1654347848681689088,316930595,BLM - Crossing,C2-1,toxic,non-toxic,non-toxic,non-toxic,toxic
1654823367327793152,18510860,BLM - Crossing,C3-1,non-toxic,non-toxic,non-toxic,non-toxic,toxic
1656154905692844033,3013191149,BLM - Crossing,C2-1,non-toxic,non-toxic,non-toxic,non-toxic,non-toxic
1656421529012387840,133938408,BLM - Crossing,C3-3,non-toxic,non-toxic,non-toxic,non-toxic,non-toxic
1657830439107670017,95023423,BLM - Crossing,C4-2,non-toxic,non-toxic,non-toxic,non-toxic,non-toxic
1656364459827290113,4326150502,BLM - Crossing,C6-2,toxic,toxic,non-toxic,toxic,non-toxic
1655545183524597772,132339474,BLM - Crossing,C3-1,non-toxic,non-toxic,non-toxic,non-toxic,non-toxic
1652692502644940801,2328728562,BLM - Crossing,C2-2,non-toxic,non-toxic,non-toxic,non-toxic,non-toxic
1655614873768800274,1422543819015397376,BLM - Crossing,C3-3,toxic,toxic,toxic,toxic,toxic
1656929050164592641,2906390281,BLM - Crossing,C3-1,toxic,toxic,toxic,toxic,toxic
1654951189685972994,1579555259231477760,BLM - Crossing,C3-3,non-toxic,toxic,toxic,toxic,toxic
1636336720269434882,812690513556017152,BLM - Crossing,C2-2,toxic,toxic,toxic,toxic,toxic
1657816702653014017,829528482497646592,BLM - Crossing,C2-1,toxic,toxic,toxic,toxic,toxic
1653367193592266752,2234760798,BLM - Crossing,C3-1,non-toxic,non-toxic,non-toxic,non-toxic,non-toxic
1656837643349417986,21268897,BLM - Crossing,C2-2,non-toxic,non-toxic,non-toxic,non-toxic,non-toxic
1653912351765147648,130617778,BLM - Crossing,C3-1,non-toxic,non-toxic,non-toxic,non-toxic,toxic
1657519402768637952,268610103,BLM - Crossing,C6-2,non-toxic,non-toxic,non-toxic,non-toxic,non-toxic
1652840025044787200,1069470488307687424,BLM - Crossing,C3-2,non-toxic,non-toxic,non-toxic,non-toxic,non-toxic
1657524049604677635,18082945,BLM - Crossing,C3-2,non-toxic,non-toxic,non-toxic,non-toxic,non-toxic
1655920598579552256,10946932,BLM - Crossing,C2-2,non-toxic,non-toxic,non-toxic,non-toxic,non-toxic
1656252412246601728,1526926261607706624,BLM - Crossing,C2-1,toxic,non-toxic,non-toxic,non-toxic,non-toxic
1654181683019513857,31366720,BLM - Crossing,C2-1,non-toxic,non-toxic,non-toxic,non-toxic,non-toxic
1657495300183818241,452540168,BLM - Crossing,C4-2,non-toxic,non-toxic,toxic,non-toxic,non-toxic
1653441791356702720,31655417,BLM - Crossing,C6-2,non-toxic,non-toxic,non-toxic,non-toxic,non-toxic
1440830847016308743,551349832,BLM - Crossing,C3-1,toxic,toxic,toxic,toxic,toxic
1654950731164577795,867194376912592896,BLM - Crossing,C6-2,non-toxic,non-toxic,non-toxic,non-toxic,non-toxic
1652029256484913154,1584923709185441792,BLM - Crossing,C3-2,non-toxic,toxic,toxic,toxic,toxic
1652903171461910528,85601740,BLM - Crossing,C2-1,non-toxic,non-toxic,non-toxic,non-toxic,non-toxic
1652506986792079362,16635277,BLM - Crossing,C3-1,non-toxic,non-toxic,non-toxic,non-toxic,non-toxic
1655548757088272387,846183679630049280,BLM - Crossing,C3-1,non-toxic,non-toxic,non-toxic,non-toxic,non-toxic
1653955436972744706,1266409019553591296,BLM - Crossing,C2-2,toxic,non-toxic,toxic,toxic,non-toxic
1653779386271686657,111922973,BLM - Crossing,C4-2,non-toxic,non-toxic,non-toxic,non-toxic,non-toxic
1654809452237963264,2234760798,BLM - Crossing,C3-1,non-toxic,non-toxic,non-toxic,non-toxic,non-toxic
1654476679459528705,21728303,BLM - Crossing,C2-2,non-toxic,non-toxic,non-toxic,non-toxic,non-toxic
1654043728992935941,1438521726963310592,BLM - Crossing,C2-1,non-toxic,non-toxic,non-toxic,non-toxic,non-toxic
1657457925160411141,1434023908370354176,BLM - Crossing,C3-1,non-toxic,non-toxic,non-toxic,non-toxic,toxic
1653885054005792771,30168505,BLM - Crossing,C3-1,toxic,toxic,toxic,toxic,toxic
1651035671593889794,1230011019390382080,BLM - Crossing,C3-2,non-toxic,non-toxic,non-toxic,non-toxic,non-toxic
1654609149148254211,1298372735383605248,BLM - Crossing,C3-1,non-toxic,non-toxic,non-toxic,non-toxic,non-toxic
1653922640526974977,14437914,BLM - Crossing,C2-2,non-toxic,non-toxic,non-toxic,non-toxic,non-toxic
1631741389057785871,1423450712818733056,BLM - Crossing,C3-1,toxic,non-toxic,non-toxic,non-toxic,non-toxic
1654521063710027779,878284831,BLM - Crossing,C3-1,non-toxic,non-toxic,non-toxic,non-toxic,non-toxic
1654846568233594880,132339474,BLM - Crossing,C3-1,non-toxic,non-toxic,non-toxic,non-toxic,toxic
1655359344710483969,717121215727591424,BLM - Crossing,C3-3,toxic,toxic,toxic,toxic,toxic
1653423516455239681,1268575331214151680,BLM - Crossing,C6-1,non-toxic,toxic,non-toxic,non-toxic,toxic
1657366963616620544,1642638119399829504,BLM - Crossing,C2-1,non-toxic,non-toxic,non-toxic,non-toxic,non-toxic
1455326455156588552,1184962155122216960,BLM - Crossing,C2-2,non-toxic,non-toxic,non-toxic,non-toxic,non-toxic
1655666483098255361,132339474,BLM - Crossing,C3-1,non-toxic,non-toxic,non-toxic,non-toxic,non-toxic
1651302851014950923,7768402,BLM - Crossing,C3-1,non-toxic,non-toxic,non-toxic,non-toxic,non-toxic
1655225031255793665,2621314575,BLM - Crossing,C6-2,toxic,toxic,toxic,toxic,toxic
1653713974985125888,140237362,BLM - Crossing,C3-3,non-toxic,non-toxic,non-toxic,non-toxic,non-toxic
1654509324322889730,1149024099995475968,BLM - Crossing,C4-2,non-toxic,non-toxic,toxic,non-toxic,toxic
1654513738957967362,3067390639,BLM - Crossing,C6-2,toxic,toxic,toxic,toxic,toxic
1631839634518085635,1520612280643162112,BLM - Crossing,C3-1,non-toxic,non-toxic,non-toxic,non-toxic,toxic
1654886610805063680,35606154,BLM - Crossing,C3-1,non-toxic,non-toxic,non-toxic,non-toxic,non-toxic
1654620046646206467,1318262051521875968,BLM - Crossing,C6-2,non-toxic,non-toxic,non-toxic,non-toxic,toxic
1656857497041502209,55060090,BLM - Crossing,C3-1,non-toxic,non-toxic,non-toxic,non-toxic,non-toxic
1653915619094564866,107825193,BLM - Crossing,C3-1,toxic,toxic,non-toxic,toxic,non-toxic
1043291191540940800,23373309,BLM - Crossing,C2-1,non-toxic,non-toxic,non-toxic,non-toxic,non-toxic
1656177267213746177,16116288,BLM - Crossing,C2-2,non-toxic,non-toxic,non-toxic,non-toxic,non-toxic
1653028511165083648,467966784,BLM - Crossing,C2-2,non-toxic,toxic,non-toxic,non-toxic,toxic
1655918585947082752,818893114979061760,BLM - Crossing,C3-1,toxic,toxic,toxic,toxic,non-toxic
1653529611555205124,1917731,BLM - Crossing,C2-2,non-toxic,non-toxic,non-toxic,non-toxic,non-toxic
1501629944165806093,27493883,BLM - Crossing,C3-1,non-toxic,non-toxic,non-toxic,non-toxic,non-toxic
1656016257274060811,20280088,BLM - Crossing,C3-1,non-toxic,non-toxic,non-toxic,non-toxic,non-toxic
1654454776682225665,27493883,BLM - Crossing,C3-1,non-toxic,non-toxic,non-toxic,non-toxic,non-toxic
1635410157306773504,126062842,BLM - Crossing,C2-2,non-toxic,non-toxic,non-toxic,non-toxic,toxic
1656466933766602752,720125234,BLM - Crossing,C2-1,non-toxic,non-toxic,non-toxic,non-toxic,toxic
1641909736537747457,1640929196,BLM - Crossing,C3-1,non-toxic,non-toxic,non-toxic,non-toxic,non-toxic
1655008288155615238,1427302642263470080,BLM - Crossing,C3-2,non-toxic,non-toxic,non-toxic,non-toxic,non-toxic
1329197835800154117,1917731,BLM - Crossing,C2-2,non-toxic,non-toxic,non-toxic,non-toxic,non-toxic
1653334533738049540,800707492346925056,BLM - Crossing,C2-2,non-toxic,non-toxic,non-toxic,non-toxic,non-toxic
1654497682071617537,1488309658376806400,BLM - Crossing,C6-2,toxic,toxic,toxic,toxic,non-toxic
1656016102562963462,14173315,BLM - Crossing,C2-2,non-toxic,non-toxic,non-toxic,non-toxic,non-toxic
1655251990379675649,15322803,BLM - Crossing,C6-1,non-toxic,non-toxic,non-toxic,non-toxic,non-toxic
1655277109546213377,328744452,BLM - Crossing,C2-2,non-toxic,non-toxic,non-toxic,non-toxic,non-toxic
1654590015505137664,3856305322,BLM - Crossing,C3-2,non-toxic,non-toxic,non-toxic,non-toxic,non-toxic
1655058709515730944,19563264,BLM - Crossing,C3-1,non-toxic,non-toxic,non-toxic,non-toxic,non-toxic
1654962768141860864,2517897416,BLM - Crossing,C3-2,non-toxic,non-toxic,non-toxic,non-toxic,non-toxic
1656686522748502017,2289770467,BLM - Crossing,C2-2,toxic,toxic,toxic,toxic,toxic
1654280620980293633,2868329501,BLM - Crossing,C3-1,non-toxic,non-toxic,toxic,non-toxic,toxic
1657041092661977090,30349566,BLM - Crossing,C2-1,toxic,toxic,toxic,toxic,non-toxic
1653473086774321153,4892800857,BLM - Crossing,C6-1,toxic,toxic,toxic,toxic,toxic
1654683546366226432,1478455589881712640,BLM - Crossing,C6-2,toxic,toxic,toxic,toxic,toxic
1612114809247629312,1549456279361527808,BLM - Crossing,C3-2,non-toxic,non-toxic,non-toxic,non-toxic,non-toxic
1655114712672092160,29917096,BLM - Crossing,C2-2,non-toxic,non-toxic,non-toxic,non-toxic,non-toxic
1635398408252030978,1575205434843049984,BLM - Crossing,C3-1,toxic,toxic,toxic,toxic,non-toxic
1654870387522502660,757250499787751424,BLM - Crossing,C3-2,toxic,non-toxic,toxic,toxic,toxic